name,affiliation,email,domain,citations_scholar,hindex_scholar,i10_scholar,profile_scholar,orcid,scopus_status,scopus_id,scopus_url,s2_author_id,s2_name,h_index,citation_count,paper_count,metrics_fetched,fix_status,s2_profile_url
Sopha Soeung,National Institute of Education,Verified email at nie.edu.kh,nie.edu.kh,111.0,7.0,6.0,https://scholar.google.com/citations?hl=en&user=9PwEPscAAAAJ,0000-0003-0569-3021,found,57219198544.0,https://www.scopus.com/authid/detail.uri?authorId=57219198544,121296676,Sophat Soeung,4.0,52.0,13.0,2026-06-07,fixed,https://www.semanticscholar.org/author/121296676
Savrin THY,"Doctor of Education, National Institute of Education (NIE), Cambodia",Verified email at nie.edu.kh,nie.edu.kh,61.0,6.0,2.0,https://scholar.google.com/citations?hl=en&user=uSEWd2EAAAAJ,0000-0002-5826-5170,found,,,1573683944,Savrin Thy,4.0,25.0,6.0,,fixed,https://www.semanticscholar.org/author/1573683944
Vutheavy Chim,"National Institute of Education, Cambodia",Verified email at nie.edu.kh,nie.edu.kh,45.0,4.0,2.0,https://scholar.google.com/citations?hl=en&user=PEUvlEoAAAAJ,0009-0000-6400-4930,found,,,2207442434.0,Vutheavy Chim,3.0,10.0,5.0,2026-06-07,skipped_close_match,https://www.semanticscholar.org/author/2207442434.0
Ngoeurn,MA,Verified email at nie.edu.kh,nie.edu.kh,43.0,2.0,2.0,https://scholar.google.com/citations?hl=en&user=3EhvL_8AAAAJ,0009-0006-7406-3145,found,,,2428025055.0,Borey Ngoeurn,0.0,0.0,1.0,2026-06-07,skipped_close_match,https://www.semanticscholar.org/author/2428025055.0
Rany im,"Graduate School of Education, Aichi University of Education",Verified email at nie.edu.kh,nie.edu.kh,36.0,3.0,2.0,https://scholar.google.com/citations?hl=en&user=R83b3dIAAAAJ,0000-0002-0703-7151,found,,,2257074593.0,Rany Im,3.0,23.0,4.0,2026-06-07,skipped_close_match,https://www.semanticscholar.org/author/2257074593.0
Chanponna Chea,"Doctor of Philosophy in Education, Hiroshima University, Japan",Verified email at nie.edu.kh - Homepage,nie.edu.kh,26.0,2.0,1.0,https://scholar.google.com/citations?hl=en&user=FuzFGI0AAAAJ,0000-0001-8284-1660,found,59397401600.0,https://www.scopus.com/authid/detail.uri?authorId=59397401600,2327795720,Chanponna Chea,1.0,7.0,1.0,,fixed,https://www.semanticscholar.org/author/2327795720
Sieng Veasna,"Deputy director of Graduate School, National Institute of Education (NIE), Cambodia.",Verified email at nie.edu.kh - Homepage,nie.edu.kh,18.0,2.0,1.0,https://scholar.google.com/citations?hl=en&user=T-tTZAoAAAAJ,0000-0003-0733-8701,found,,,2358340126,Veasna Sieng,1.0,4.0,1.0,,fixed,https://www.semanticscholar.org/author/2358340126
Somara Sun,"Training Coordinator, New Generation Pedagogical Research Center, National Institute of Education",Verified email at nie.edu.kh,nie.edu.kh,13.0,2.0,0.0,https://scholar.google.com/citations?hl=en&user=Wojz0MMAAAAJ,0000-0002-9466-614X,found,,,2184551395.0,S. Sun,1.0,4.0,4.0,2026-06-07,skipped_close_match,https://www.semanticscholar.org/author/2184551395.0
Robraw Ann,"Vice-Dean, Institut National de l'Education",Verified email at nie.edu.kh,nie.edu.kh,6.0,1.0,0.0,https://scholar.google.com/citations?hl=en&user=fBM_BCoAAAAJ,0009-0007-7898-3560,found,,,2318885442.0,Robraw Ann,0.0,0.0,1.0,2026-06-07,skipped_low_hindex,https://www.semanticscholar.org/author/2318885442.0
Sokchea Ly,National Institute of Education,Verified email at nie.edu.kh,nie.edu.kh,6.0,1.0,0.0,https://scholar.google.com/citations?hl=en&user=djlI_lUAAAAJ,0009-0004-9014-5541,found,,,,,,,,,skipped_low_hindex,
Keun Im,"Researcher, Academic Supervisor, and IELTS trainer for postgraduate scholars",Verified email at nie.edu.kh,nie.edu.kh,5.0,1.0,0.0,https://scholar.google.com/citations?hl=en&user=I9Of67EAAAAJ,0009-0007-0148-9601,found,,,2149872463.0,S. Im,1.0,2.0,3.0,2026-06-07,skipped_low_hindex,https://www.semanticscholar.org/author/2149872463.0
Huy Hang,"Ph.D. Research Scholar, University of Calcutta",Verified email at nie.edu.kh,nie.edu.kh,1.0,1.0,0.0,https://scholar.google.com/citations?hl=en&user=GkYG2CMAAAAJ,0000-0001-7928-3418,found,,,48807571.0,Huy Hang,4.0,147.0,7.0,2026-06-07,skipped_low_hindex,https://www.semanticscholar.org/author/48807571.0
Leang So Khuong,National Polytechnic Institute of Cambodia,Verified email at npic.edu.kh - Homepage,npic.edu.kh,1318.0,11.0,11.0,https://scholar.google.com/citations?hl=en&user=PNquJjkAAAAJ,0000-0002-3003-5058,found,,,65984129,L. S. Khuong,9.0,872.0,10.0,,fixed,https://www.semanticscholar.org/author/65984129
SAR SARY,Senior Lecturer of National Polytechnic Institute of Cambodia,Verified email at npic.edu.kh - Homepage,npic.edu.kh,439.0,13.0,18.0,https://scholar.google.com/citations?hl=en&user=KuX3qM4AAAAJ,0000-0003-2301-8089,found,57208127676.0,https://www.scopus.com/authid/detail.uri?authorId=57208127676,102331052,Sar Sary,3.0,28.0,9.0,2026-06-07,fixed,https://www.semanticscholar.org/author/102331052
Chivon Choeung,"Lecturer & Researcher, National Polytechnic Institute of Cambodia",Verified email at npic.edu.kh - Homepage,npic.edu.kh,336.0,12.0,15.0,https://scholar.google.com/citations?hl=en&user=LxeaO3oAAAAJ,0000-0003-2874-6202,found,57192099788.0,https://www.scopus.com/authid/detail.uri?authorId=57192099788,74024729.0,Chivon Choeung,9.0,152.0,34.0,2026-06-07,skipped_close_match,https://www.semanticscholar.org/author/74024729.0
Heng Tang,"Lecturer, National Polytechnic Institute of Cambodia",Verified email at npic.edu.kh,npic.edu.kh,176.0,9.0,9.0,https://scholar.google.com/citations?hl=en&user=Jcl8V6UAAAAJ,0000-0002-9676-8019,found,36671317600.0,https://www.scopus.com/authid/detail.uri?authorId=36671317600,3124237,Heng-Yuan Tang,35.0,3578.0,72.0,,fixed,https://www.semanticscholar.org/author/3124237
Panha Soth,"Lecturer, National Polytechnic Institue of Cambodia",Verified email at npic.edu.kh,npic.edu.kh,175.0,9.0,9.0,https://scholar.google.com/citations?hl=en&user=Ldc7Nn8AAAAJ,0000-0002-6110-3463,found,58035948000.0,https://www.scopus.com/authid/detail.uri?authorId=58035948000,2209219609.0,Panha Soth,7.0,75.0,16.0,2026-06-07,skipped_close_match,https://www.semanticscholar.org/author/2209219609.0
"Phanam Pech, Ph.D.","Contract Professor, National Polytechnic Institute of Cambodia",Verified email at npic.edu.kh - Homepage,npic.edu.kh,141.0,8.0,5.0,https://scholar.google.com/citations?hl=en&user=FQ5sSXQAAAAJ,0000-0002-1443-5086,found,57205379262.0,https://www.scopus.com/authid/detail.uri?authorId=57205379262,nan,,,,,,no_better_found,
Oum Saokosal,"Chief of Faculty of Computer Science, National Polytechnic Institute of Cambodia",Verified email at npic.edu.kh,npic.edu.kh,128.0,1.0,1.0,https://scholar.google.com/citations?hl=en&user=xVCwYQ4AAAAJ,0000-0002-8975-7119,found,,,,,,,,,skipped_low_hindex,
sovann ang,"Lecturer of electrical engineering, National Polytechnic Institute of Cambodia",Verified email at npic.edu.kh,npic.edu.kh,117.0,6.0,6.0,https://scholar.google.com/citations?hl=en&user=q6P9J_MAAAAJ,0000-0003-1595-0511,found,57203867512.0,https://www.scopus.com/authid/detail.uri?authorId=57203867512,2322338134,S. Ang,3.0,23.0,4.0,2026-06-07,fixed,https://www.semanticscholar.org/author/2322338134
Channareth Srun,National Polytechnic Institute of Cambodia,Verified email at npic.edu.kh - Homepage,npic.edu.kh,116.0,7.0,2.0,https://scholar.google.com/citations?hl=en&user=s3wcBcsAAAAJ,0000-0001-8042-808X,found,,,52164040.0,Channareth Srun,5.0,75.0,21.0,2026-06-07,skipped_close_match,https://www.semanticscholar.org/author/52164040.0
SEVEN SIREN,"Electronic and Telecommunication, NPIC",Verified email at npic.edu.kh,npic.edu.kh,79.0,6.0,2.0,https://scholar.google.com/citations?hl=en&user=UKtVp5MAAAAJ,0000-0001-6337-8201,found,,,2209994272,Seven Siren,4.0,34.0,12.0,,fixed,https://www.semanticscholar.org/author/2209994272
Socheat YAY,"Faculty of Electricity, National Polytechnic Institute of Cambodia",Verified email at npic.edu.kh,npic.edu.kh,68.0,4.0,3.0,https://scholar.google.com/citations?hl=en&user=fdJIykYAAAAJ,0009-0004-3479-5785,found,,,2209224943.0,Socheat Yay,4.0,31.0,10.0,2026-06-07,skipped_close_match,https://www.semanticscholar.org/author/2209224943.0
UN Sokoeun,Institute of Technology of Cambodia (ITC),Verified email at npic.edu.kh - Homepage,npic.edu.kh,53.0,5.0,1.0,https://scholar.google.com/citations?hl=en&user=qfezglkAAAAJ,0000-0003-4920-8606,found,,,2281547297,S. Un,3.0,15.0,6.0,,fixed,https://www.semanticscholar.org/author/2281547297
Sokun Ieng,"Lecturer of Electrical Engineering, National Polytechnic Institute of Cambodia",Verified email at npic.edu.kh,npic.edu.kh,50.0,4.0,3.0,https://scholar.google.com/citations?hl=en&user=0PRsC7YAAAAJ,0000-0002-2983-715X,found,,,119811268,Sokun Ieng,2.0,15.0,3.0,2026-06-07,fixed,https://www.semanticscholar.org/author/119811268
Sokna San,"Instructor of Electricity, National Polytechnic Institute of Cambodia",Verified email at npic.edu.kh,npic.edu.kh,47.0,3.0,2.0,https://scholar.google.com/citations?hl=en&user=fC5rUXUAAAAJ,0009-0007-2605-5164,found,58352598300.0,https://www.scopus.com/authid/detail.uri?authorId=58352598300,2218616315,Sokna San,2.0,18.0,10.0,,fixed,https://www.semanticscholar.org/author/2218616315
Bunne So,Lecturer,Verified email at npic.edu.kh,npic.edu.kh,45.0,3.0,2.0,https://scholar.google.com/citations?hl=en&user=wh0uVTwAAAAJ,0009-0009-7944-7705,found,,,2218611813,Bunne So,3.0,22.0,3.0,,fixed,https://www.semanticscholar.org/author/2218611813
Tan Hor,"Institut Teknologi Sepuluh Nopember, National Polytechnic Institute of Cambodia (NPIC)",Verified email at npic.edu.kh - Homepage,npic.edu.kh,43.0,2.0,2.0,https://scholar.google.com/citations?hl=en&user=Mh1hm-4AAAAJ,0000-0001-8325-0563,found,,,80940782,H. Tan,49.0,8946.0,120.0,,fixed,https://www.semanticscholar.org/author/80940782
Sokvan In,Lecturer,Verified email at npic.edu.kh,npic.edu.kh,42.0,3.0,2.0,https://scholar.google.com/citations?hl=en&user=RmwKr3gAAAAJ,0009-0002-3876-6485,found,,,2218590886.0,Sokvan In,3.0,24.0,5.0,2026-06-07,skipped_close_match,https://www.semanticscholar.org/author/2218590886.0
Sros Nhek,National Polytechnic Institute of Cambodia,Verified email at npic.edu.kh,npic.edu.kh,35.0,4.0,1.0,https://scholar.google.com/citations?hl=en&user=RF_TZ7AAAAAJ,0000-0003-1581-9097,found,58127420200.0,https://www.scopus.com/authid/detail.uri?authorId=58127420200,2209992150.0,Sros Nhek,3.0,18.0,6.0,2026-06-07,skipped_close_match,https://www.semanticscholar.org/author/2209992150.0
srey sophyn,"Lecturer, National Polytechnic Institute of Cambodia",Verified email at npic.edu.kh - Homepage,npic.edu.kh,25.0,3.0,1.0,https://scholar.google.com/citations?hl=en&user=NIi41yAAAAAJ,0009-0001-9822-172X,found,,,2180677439.0,Srey Sophyn,1.0,1.0,1.0,2026-06-07,skipped_close_match,https://www.semanticscholar.org/author/2180677439.0
Khoem sambath,"Lecture of Computer Science, National Polytechnic Institute of Cambodia",Verified email at npic.edu.kh - Homepage,npic.edu.kh,23.0,2.0,1.0,https://scholar.google.com/citations?hl=en&user=ifqzn6fhPtYC,0009-0000-1644-1407,found,,,2403782847.0,Khoem Sambath,0.0,0.0,1.0,2026-06-07,skipped_close_match,https://www.semanticscholar.org/author/2403782847.0
Kakada Sovan,"Lecturer, National Polytechnic Institute of Cambodia",Verified email at npic.edu.kh,npic.edu.kh,22.0,1.0,1.0,https://scholar.google.com/citations?hl=en&user=C1lqUi0AAAAJ,0000-0002-8627-5317,found,,,2209215488.0,Kakada Sovan,1.0,10.0,3.0,2026-06-07,skipped_low_hindex,https://www.semanticscholar.org/author/2209215488.0
Soeng Saban,"Lecturer, National Polytechnic Institute of Cambodia",Verified email at npic.edu.kh,npic.edu.kh,13.0,1.0,1.0,https://scholar.google.com/citations?hl=en&user=Pbr41IUAAAAJ,0009-0007-8507-092X,found,,,2218600303.0,Saban Soeng,1.0,9.0,1.0,2026-06-07,skipped_low_hindex,https://www.semanticscholar.org/author/2218600303.0
DARA SENG HUO,"Professor of Construction, National Polytechnic Institute of Cambodia",Verified email at npic.edu.kh - Homepage,npic.edu.kh,10.0,2.0,0.0,https://scholar.google.com/citations?hl=en&user=rJXN6sMAAAAJ,0009-0000-7529-8030,found,,,nan,,,,,,no_better_found,
Sophea Nam,"Faculty of Electricity, National Polytechnic Institute of Cambodia",Verified email at npic.edu.kh,npic.edu.kh,7.0,1.0,0.0,https://scholar.google.com/citations?hl=en&user=pR4FxiEAAAAJ,0009-0001-2773-7358,found,,,2309100311.0,Sophea Nam,1.0,4.0,3.0,2026-06-07,skipped_low_hindex,https://www.semanticscholar.org/author/2309100311.0
Born Chhaytep,"Lecturer of Electrical, National Polytechnic Institute of Cambodia.",Verified email at npic.edu.kh,npic.edu.kh,2.0,1.0,0.0,https://scholar.google.com/citations?hl=en&user=TiRmqUEAAAAJ,0009-0000-9478-0367,found,,,2398114938.0,C. Born,0.0,0.0,2.0,2026-06-07,skipped_low_hindex,https://www.semanticscholar.org/author/2398114938.0
Hut Sovannarith,National Polytechnic Institute of Cambodia,Verified email at npic.edu.kh - Homepage,npic.edu.kh,1.0,1.0,0.0,https://scholar.google.com/citations?hl=en&user=vO2fqpQAAAAJ,0000-0001-5223-945X,found,,,2323807214.0,Sovannarith Hut,0.0,0.0,2.0,2026-06-07,skipped_low_hindex,https://www.semanticscholar.org/author/2323807214.0
Mengseu Pheng,"Undergraduate Researcher, National Polytechnic Institute of Cambodia",Verified email at npic.edu.kh - Homepage,npic.edu.kh,1.0,1.0,0.0,https://scholar.google.com/citations?hl=en&user=7h0zeukAAAAJ,0009-0004-0521-8153,found,,,,,,,,,skipped_low_hindex,
SOK Piseth,"Professor of Computer Science, NPIC Cambodia",Verified email at npic.edu.kh - Homepage,npic.edu.kh,1.0,1.0,0.0,https://scholar.google.com/citations?hl=en&user=MqELRB0AAAAJ,0009-0001-3568-0734,found,,,14542048.0,Piseth Sok,1.0,9.0,2.0,2026-06-07,skipped_low_hindex,https://www.semanticscholar.org/author/14542048.0
Lim Lorn,Unknown affiliation,Verified email at npic.edu.kh,npic.edu.kh,0.0,0.0,0.0,https://scholar.google.com/citations?hl=en&user=8NWypKcAAAAJ,0000-0002-6378-1233,found,,,,,,,,,skipped_low_hindex,
Pao SREAN,National University of Battambang,Verified email at nubb.edu.kh - Homepage,nubb.edu.kh,1203.0,17.0,24.0,https://scholar.google.com/citations?hl=en&user=6USZ3JMAAAAJ,0000-0003-2330-9660,found,56345918000.0,https://www.scopus.com/authid/detail.uri?authorId=56345918000,15360538.0,Pao Srean,13.0,669.0,48.0,2026-06-07,skipped_close_match,https://www.semanticscholar.org/author/15360538.0
"Rany Sam, PhD","Vice-Rector of National University of Battambang (NUBB), Cambodia",Verified email at nubb.edu.kh - Homepage,nubb.edu.kh,1158.0,15.0,25.0,https://scholar.google.com/citations?hl=en&user=I70xug4AAAAJ,0000-0001-8639-7173,found,,,nan,,,,,,no_better_found,
Chan HUM,"Graduate School, National University of Battambang",Verified email at nubb.edu.kh,nubb.edu.kh,150.0,8.0,5.0,https://scholar.google.com/citations?hl=en&user=z68fAU8AAAAJ,0000-0002-9732-361X,found,,,94157858,C. H. Park,39.0,4583.0,144.0,2026-06-07,fixed,https://www.semanticscholar.org/author/94157858
Morin Tieng,Vice Rector,Verified email at nubb.edu.kh,nubb.edu.kh,96.0,6.0,3.0,https://scholar.google.com/citations?hl=en&user=yK3_9BsAAAAJ,0009-0000-1564-3381,found,,,2229996787,Morin Tieng,3.0,22.0,7.0,2026-06-07,fixed,https://www.semanticscholar.org/author/2229996787
Ry Hour,National University of Battambang (NUBB),Verified email at nubb.edu.kh,nubb.edu.kh,81.0,4.0,3.0,https://scholar.google.com/citations?hl=en&user=qmWFGBMAAAAJ,0009-0002-6488-4370,found,,,92085626,R. Hour,2.0,15.0,9.0,,fixed,https://www.semanticscholar.org/author/92085626
Ratha Rien,"Lecturer, Department of Agriculture, Faculty of Agriculture and Food Processing",Verified email at nubb.edu.kh,nubb.edu.kh,63.0,4.0,4.0,https://scholar.google.com/citations?hl=en&user=N68d5PEAAAAJ,0009-0001-6932-5861,found,,,90594098.0,R. Rien,3.0,34.0,5.0,2026-06-07,skipped_close_match,https://www.semanticscholar.org/author/90594098.0
Kheuy Sinoeurn,"PhD candidate, National University of Battambang,Cambodia, and Scholarship PhD,Unifg,Italy",Verified email at nubb.edu.kh,nubb.edu.kh,44.0,4.0,2.0,https://scholar.google.com/citations?hl=en&user=KQz8DaUAAAAJ,0009-0000-2828-7435,found,59959016700.0,https://www.scopus.com/authid/detail.uri?authorId=59959016700,2328522163,Sinoeurn Kheuy,3.0,21.0,7.0,,fixed,https://www.semanticscholar.org/author/2328522163
Sarith Chiv,Vice-rector,Verified email at nubb.edu.kh - Homepage,nubb.edu.kh,30.0,4.0,1.0,https://scholar.google.com/citations?hl=en&user=_DJvTV4AAAAJ,0009-0000-0239-5307,found,,,2326954977,Sarith Chiv,2.0,7.0,4.0,,fixed,https://www.semanticscholar.org/author/2326954977
Hoeurn Sokha,National University of  Battambang,Verified email at nubb.edu.kh - Homepage,nubb.edu.kh,30.0,3.0,2.0,https://scholar.google.com/citations?hl=en&user=cDBerjoAAAAJ,0009-0003-2210-1566,found,,,2323795901.0,Sokha Hoeurn,2.0,16.0,4.0,2026-06-07,skipped_close_match,https://www.semanticscholar.org/author/2323795901.0
khin sophary,"Lecture, Faculty of Agriculture and Food processing, National University of Battambang",Verified email at nubb.edu.kh,nubb.edu.kh,28.0,3.0,1.0,https://scholar.google.com/citations?hl=en&user=PpF2xOcAAAAJ,0009-0007-9729-7558,found,,,72230883.0,S. Khin,2.0,19.0,9.0,2026-06-07,skipped_close_match,https://www.semanticscholar.org/author/72230883.0
LY Sovann,National University of Battambang,Verified email at nubb.edu.kh - Homepage,nubb.edu.kh,27.0,3.0,1.0,https://scholar.google.com/citations?hl=en&user=srInttwAAAAJ,0000-0003-3733-9975,found,,,5300449,L. Sovann,20.0,1356.0,40.0,,fixed,https://www.semanticscholar.org/author/5300449
Chhor Chang,National University of Battambang,Verified email at nubb.edu.kh - Homepage,nubb.edu.kh,24.0,3.0,1.0,https://scholar.google.com/citations?hl=en&user=LKTtJp0AAAAJ,0009-0006-5891-5934,found,,,2325598369.0,Chang Chhor,2.0,8.0,2.0,2026-06-07,skipped_close_match,https://www.semanticscholar.org/author/2325598369.0
Rasmeikhema Norng,National University of Battambang,Verified email at nubb.edu.kh - Homepage,nubb.edu.kh,24.0,3.0,1.0,https://scholar.google.com/citations?hl=en&user=xZmOR3oAAAAJ,0009-0003-0131-313X,found,,,2325601136.0,Rasmeikhema Norng,2.0,8.0,2.0,2026-06-07,skipped_close_match,https://www.semanticscholar.org/author/2325601136.0
Soeurn Chenda,"Head of Department of Tourism, The faculty of Business Administration and Tourism, The National",Verified email at nubb.edu.kh,nubb.edu.kh,23.0,3.0,0.0,https://scholar.google.com/citations?hl=en&user=hcQiey4AAAAJ,0009-0005-7080-4703,found,,,2191485295,Soeurn Chenda,1.0,4.0,6.0,,fixed,https://www.semanticscholar.org/author/2191485295
Voithna Nhean,National University of Battambang,Verified email at nubb.edu.kh - Homepage,nubb.edu.kh,21.0,1.0,1.0,https://scholar.google.com/citations?hl=en&user=FowQPIcAAAAJ,0009-0008-7235-8876,found,,,2357330784.0,Nhean Voithna,0.0,0.0,1.0,2026-06-07,skipped_low_hindex,https://www.semanticscholar.org/author/2357330784.0
Eng Titya,National University of Battambang,Verified email at nubb.edu.kh,nubb.edu.kh,20.0,2.0,1.0,https://scholar.google.com/citations?hl=en&user=H6C5APsAAAAJ,0009-0007-7208-3684,found,,,2005514714.0,Titya Eng,2.0,17.0,3.0,2026-06-07,skipped_close_match,https://www.semanticscholar.org/author/2005514714.0
Thay Sovannpitou,"PhD student, National University of Battambang",Verified email at nubb.edu.kh,nubb.edu.kh,20.0,3.0,0.0,https://scholar.google.com/citations?hl=en&user=svkasM4AAAAJ,0009-0009-5496-2794,found,,,2350367174,Sovannpitou Thay,2.0,5.0,2.0,2026-06-07,fixed,https://www.semanticscholar.org/author/2350367174
Phearom YEA,"Head of the personnel office, National University of Battambang",Verified email at nubb.edu.kh - Homepage,nubb.edu.kh,15.0,2.0,1.0,https://scholar.google.com/citations?hl=en&user=urdSsmUAAAAJ,0009-0006-0959-4396,found,,,2334618883.0,Phearom Yea,1.0,7.0,2.0,2026-06-07,skipped_close_match,https://www.semanticscholar.org/author/2334618883.0
Morm Sophany,"Vice-Dean of the Faculty of Agriculture and Food Processing, National University of Battambang",Verified email at nubb.edu.kh - Homepage,nubb.edu.kh,14.0,3.0,0.0,https://scholar.google.com/citations?hl=en&user=Y4_SoNgAAAAJ,0009-0006-4693-1128,found,58149498600.0,https://www.scopus.com/authid/detail.uri?authorId=58149498600,2261203602,Sophany Morm,1.0,5.0,8.0,,fixed,https://www.semanticscholar.org/author/2261203602
Ron Seihak,Student,Verified email at nubb.edu.kh,nubb.edu.kh,14.0,2.0,0.0,https://scholar.google.com/citations?hl=en&user=nq5CudoAAAAJ,0009-0000-4853-2119,found,,,2323794859,Seihak Ron,1.0,1.0,1.0,,fixed,https://www.semanticscholar.org/author/2323794859
Sopharath KHEAV,Master degree student of National University of Battambang,Verified email at nubb.edu.kh - Homepage,nubb.edu.kh,14.0,1.0,1.0,https://scholar.google.com/citations?hl=en&user=6wQQ3I0AAAAJ,0009-0006-1283-6843,found,,,,,,,,,skipped_low_hindex,
Hoeurng Heak,Graduate student of National University of Battambang,Verified email at nubb.edu.kh,nubb.edu.kh,14.0,1.0,1.0,https://scholar.google.com/citations?hl=en&user=Sh7l-VQAAAAJ,0009-0007-9745-2183,found,,,,,,,,,skipped_low_hindex,
Sreynget LO,"Lecturer, National University of Battambang",Verified email at nubb.edu.kh,nubb.edu.kh,12.0,3.0,0.0,https://scholar.google.com/citations?hl=en&user=saZveYwAAAAJ,0009-0006-0154-9523,found,58246778400.0,https://www.scopus.com/authid/detail.uri?authorId=58246778400,2189743874.0,Sreynget Lo,2.0,5.0,3.0,2026-06-07,skipped_close_match,https://www.semanticscholar.org/author/2189743874.0
sothea rien,"Lecturer, National University of Battambang",Verified email at nubb.edu.kh,nubb.edu.kh,7.0,2.0,0.0,https://scholar.google.com/citations?hl=en&user=tBCyNeMAAAAJ,0000-0002-8810-6744,found,,,2321834551,Sothea Rien,1.0,2.0,3.0,,fixed,https://www.semanticscholar.org/author/2321834551
Sek Vimon,National University of Battambang,Verified email at nubb.edu.kh - Homepage,nubb.edu.kh,6.0,1.0,0.0,https://scholar.google.com/citations?hl=en&user=U8oDAM0AAAAJ,0009-0005-0002-7283,found,,,2325595060.0,Vimon Sek,2.0,8.0,2.0,2026-06-07,skipped_low_hindex,https://www.semanticscholar.org/author/2325595060.0
sovanna seav,National University of Battambang,Verified email at nubb.edu.kh - Homepage,nubb.edu.kh,5.0,1.0,0.0,https://scholar.google.com/citations?hl=en&user=qheY7h4AAAAJ,0000-0001-7014-6601,found,,,2189796564.0,Sovanna Seav,1.0,3.0,1.0,2026-06-07,skipped_low_hindex,https://www.semanticscholar.org/author/2189796564.0
Bonsak Yoeum,National University of Battambang,Verified email at nubb.edu.kh,nubb.edu.kh,4.0,1.0,0.0,https://scholar.google.com/citations?hl=en&user=Z-FrlHwAAAAJ,0009-0006-6266-6635,found,,,,,,,,,skipped_low_hindex,
No Sinath,Head of Civil Engineering Department,Verified email at nubb.edu.kh,nubb.edu.kh,4.0,1.0,0.0,https://scholar.google.com/citations?hl=en&user=1po82aEAAAAJ,0009-0001-1644-8702,found,60236166700.0,https://www.scopus.com/authid/detail.uri?authorId=60236166700,2372481107.0,Sinath No,1.0,1.0,7.0,2026-06-07,skipped_low_hindex,https://www.semanticscholar.org/author/2372481107.0
KOEM Kim,"Head of Community Dev.,Faculty of Sociology and Rural Development, National University of Battambang",Verified email at nubb.edu.kh,nubb.edu.kh,3.0,1.0,0.0,https://scholar.google.com/citations?hl=en&user=XgwAahMAAAAJ,0000-0002-9243-7212,found,57200088470.0,https://www.scopus.com/authid/detail.uri?authorId=57200088470,,,,,,,skipped_low_hindex,
Ratha CHEY,"Vice Dean of Graduate School of National University of Battambang, Cambodia",Verified email at nubb.edu.kh,nubb.edu.kh,3.0,1.0,0.0,https://scholar.google.com/citations?hl=en&user=N_TXZZgAAAAJ,0009-0001-7246-6278,found,,,2284013259.0,Ratha Chey,1.0,3.0,1.0,2026-06-07,skipped_low_hindex,https://www.semanticscholar.org/author/2284013259.0
Sopheaktra Hien,"Graduate School, National University of Battambang",Verified email at nubb.edu.kh - Homepage,nubb.edu.kh,2.0,1.0,0.0,https://scholar.google.com/citations?hl=en&user=-wRXwZUAAAAJ,0009-0002-9490-9970,found,,,,,,,,,skipped_low_hindex,
Vuthea DA,National University of Battambang (NUBB),Verified email at nubb.edu.kh - Homepage,nubb.edu.kh,1.0,1.0,0.0,https://scholar.google.com/citations?hl=en&user=WdQBzB4AAAAJ,0009-0003-3185-0999,found,,,2382208211.0,Da Vuthea,0.0,0.0,1.0,2026-06-07,skipped_low_hindex,https://www.semanticscholar.org/author/2382208211.0
Em Chenda,Professor- Director of French Department,Verified email at nubb.edu.kh - Homepage,nubb.edu.kh,1.0,1.0,0.0,https://scholar.google.com/citations?hl=en&user=CaoiZcMAAAAJ,0009-0007-0524-5911,found,,,,,,,,,skipped_low_hindex,
Rachana Thav,National University of Battambang,Verified email at nubb.edu.kh,nubb.edu.kh,0.0,0.0,0.0,https://scholar.google.com/citations?hl=en&user=nS7YlgwAAAAJ,0009-0001-1321-4492,found,,,2377382119.0,Rachana Thav,0.0,0.0,1.0,2026-06-07,skipped_low_hindex,https://www.semanticscholar.org/author/2377382119.0
Sothy Khieng,"President, Cambodia University of Technology and Science",Verified email at camtech.edu.kh - Homepage,camtech.edu.kh,1152.0,14.0,17.0,https://scholar.google.com/citations?hl=en&user=pJO_MbcAAAAJ,0000-0002-4585-5112,found,,,9990361,Sothy Khieng,10.0,458.0,17.0,,fixed,https://www.semanticscholar.org/author/9990361
Monireach Tang,Cambodia University of Technology and Science,Verified email at camtech.edu.kh - Homepage,camtech.edu.kh,234.0,6.0,5.0,https://scholar.google.com/citations?hl=en&user=rNFADsoAAAAJ,0000-0003-1772-7145,found,,,nan,,,,,,no_better_found,
May Thu,Cambodia University of Technology and Science,Verified email at camtech.edu.kh - Homepage,camtech.edu.kh,82.0,5.0,3.0,https://scholar.google.com/citations?hl=en&user=mPuhirYAAAAJ,0000-0001-8831-3690,found,,,4107428,M. Tun,5.0,271.0,9.0,,fixed,https://www.semanticscholar.org/author/4107428
Vatana  Chea,Cambodia University of Technology and Science,Verified email at camtech.edu.kh,camtech.edu.kh,80.0,5.0,2.0,https://scholar.google.com/citations?hl=en&user=oelZ5EgAAAAJ,0000-0003-1894-0888,found,,,1396674177,Vatana Chea,2.0,35.0,10.0,2026-06-07,fixed,https://www.semanticscholar.org/author/1396674177
Nou Chanrachna,"Senior Lecturer and Head of Architecture & Interior Design Department, CamTech University",Verified email at camtech.edu.kh,camtech.edu.kh,10.0,1.0,1.0,https://scholar.google.com/citations?hl=en&user=PRuTEq0AAAAJ,0009-0003-9996-5733,found,,,1657720298.0,Chanrachna Nou,1.0,5.0,1.0,2026-06-07,skipped_low_hindex,https://www.semanticscholar.org/author/1657720298.0
Ros Sayumphu,Cambodia University of Science and Technology,Verified email at camtech.edu.kh,camtech.edu.kh,9.0,2.0,0.0,https://scholar.google.com/citations?hl=en&user=7f1xbr0AAAAJ,0009-0008-3422-8659,found,,,2312563139.0,Sayumphu Ros,2.0,7.0,6.0,2026-06-07,skipped_close_match,https://www.semanticscholar.org/author/2312563139.0
Pakrigna Long,Unknown affiliation,Verified email at camtech.edu.kh,camtech.edu.kh,7.0,1.0,0.0,https://scholar.google.com/citations?hl=en&user=5ZbgImMAAAAJ,0009-0004-5896-3114,found,,,2368382936.0,Pakrigna Long,1.0,5.0,4.0,2026-06-07,skipped_low_hindex,https://www.semanticscholar.org/author/2368382936.0
Kimsreng Lim,Cambodia University of Technology and Science,Verified email at camtech.edu.kh,camtech.edu.kh,4.0,1.0,0.0,https://scholar.google.com/citations?hl=en&user=Gj_y8BcAAAAJ,0009-0007-3619-0650,found,,,,,,,,,skipped_low_hindex,
Mut Somoeun,Cambodia University of Technology and Science (CamTech),Verified email at camtech.edu.kh - Homepage,camtech.edu.kh,1.0,1.0,0.0,https://scholar.google.com/citations?hl=en&user=aC3sReIAAAAJ,0009-0002-7164-069X,found,,,2227615308.0,Mut Somoeun,0.0,0.0,1.0,2026-06-07,skipped_low_hindex,https://www.semanticscholar.org/author/2227615308.0
Sopheak Yeng,"Lecturer of Architecture, CamTech University",Verified email at camtech.edu.kh,camtech.edu.kh,0.0,0.0,0.0,https://scholar.google.com/citations?hl=en&user=VT0UN-EAAAAJ,0009-0007-0267-1149,found,,,,,,,,,skipped_low_hindex,
Cholsa Kosal,Robotics and Automation Student at Cambodia University of Technology and Science,Verified email at camtech.edu.kh,camtech.edu.kh,0.0,0.0,0.0,https://scholar.google.com/citations?hl=en&user=4rcYOPUAAAAJ,0000-0002-6976-4733,found,,,,,,,,,skipped_low_hindex,
Kea Meanhor,"Researcher, CamTech University, Cambodia",Verified email at camtech.edu.kh - Homepage,camtech.edu.kh,0.0,0.0,0.0,https://scholar.google.com/citations?hl=en&user=JWUD77cAAAAJ,0000-0002-9719-5988,found,,,,,,,,,skipped_low_hindex,
Ian Rouse,University of Puthisastra,Verified email at puthisastra.edu.kh,puthisastra.edu.kh,28915.0,51.0,83.0,https://scholar.google.com/citations?hl=en&user=WvX6O7kAAAAJ,0000-0002-3686-7701,found,,,3896321,I. Rouse,34.0,3361.0,64.0,2026-06-07,fixed,https://www.semanticscholar.org/author/3896321
Afeez Abolarinwa Salami,"Cephas Health Research Initiative Inc; Senior Research Fellow, UP, Cambodia",Verified email at puthisastra.edu.kh,puthisastra.edu.kh,17626.0,25.0,34.0,https://scholar.google.com/citations?hl=en&user=tEE6IQUAAAAJ,0000-0002-6388-3803,found,,,2147341892.0,A. Salami,20.0,6462.0,70.0,2026-06-07,skipped_close_match,https://www.semanticscholar.org/author/2147341892.0
Siddharthan Selvaraj,"Deputy Dean & Associate Professor - Faculty of Dentistry, University of Puthisastra",Verified email at puthisastra.edu.kh - Homepage,puthisastra.edu.kh,15457.0,31.0,58.0,https://scholar.google.com/citations?hl=en&user=RQ1__r4AAAAJ,0000-0002-7776-3335,found,57223264725.0,https://www.scopus.com/authid/detail.uri?authorId=57223264725,2086752950,S. Selvaraj,25.0,8115.0,75.0,2026-06-07,fixed,https://www.semanticscholar.org/author/2086752950
Prof Dr Mohmed Isaqali Karobari,"Associate Dean of International Collaborations at SIMATS, Saveetha University",Verified email at puthisastra.edu.kh - Homepage,puthisastra.edu.kh,7756.0,41.0,130.0,https://scholar.google.com/citations?hl=en&user=LdaXOowAAAAJ,0000-0002-0313-9695,found,57203761175.0,https://www.scopus.com/authid/detail.uri?authorId=57203761175,nan,,,,,,no_better_found,
Francesca Cainelli,University of Puthisastra,Verified email at puthisastra.edu.kh,puthisastra.edu.kh,5135.0,30.0,46.0,https://scholar.google.com/citations?hl=en&user=r0MPSyAAAAAJ,0000-0003-1838-3946,found,55919311000.0,https://www.scopus.com/authid/detail.uri?authorId=55919311000,4048387,F. Cainelli,24.0,2941.0,115.0,,fixed,https://www.semanticscholar.org/author/4048387
Anand Marya,"Dean of Dentistry & Program Director of Orthodontics, University of Puthisastra",Verified email at puthisastra.edu.kh - Homepage,puthisastra.edu.kh,3783.0,32.0,75.0,https://scholar.google.com/citations?hl=en&user=jWwhIsgAAAAJ,0000-0003-2009-4393,found,57218657104.0,https://www.scopus.com/authid/detail.uri?authorId=57218657104,1391151043,A. Marya,25.0,2085.0,118.0,,fixed,https://www.semanticscholar.org/author/1391151043
Adith Venugopal,University of Puthisastra,Verified email at puthisastra.edu.kh,puthisastra.edu.kh,1676.0,20.0,39.0,https://scholar.google.com/citations?hl=en&user=Ca6gOVYAAAAJ,0000-0002-7945-8799,found,,,1500439590,A. Venugopal,17.0,1054.0,83.0,2026-06-07,fixed,https://www.semanticscholar.org/author/1500439590
Sarin Sok,"University of Puthisastra, Cambodia",Verified email at puthisastra.edu.kh - Homepage,puthisastra.edu.kh,1128.0,10.0,10.0,https://scholar.google.com/citations?hl=en&user=FHZK_ncAAAAJ,0009-0000-0595-5998,found,58820111900.0,https://www.scopus.com/authid/detail.uri?authorId=58820111900,2211230885,Sarin Sok,6.0,485.0,12.0,2026-06-07,fixed,https://www.semanticscholar.org/author/2211230885
Chroeng Seyha,"ICT, University of Puthisastra",Verified email at puthisastra.edu.kh - Homepage,puthisastra.edu.kh,599.0,1.0,1.0,https://scholar.google.com/citations?hl=en&user=NUhRK9oAAAAJ,0009-0002-6806-4775,found,,,,,,,,,skipped_low_hindex,
Sakirin Tam,University of Puthisastra,Verified email at puthisastra.edu.kh,puthisastra.edu.kh,457.0,8.0,6.0,https://scholar.google.com/citations?hl=en&user=xsYOJasAAAAJ,0000-0003-4103-1797,found,,,34679265,Sakirin Tam,4.0,134.0,9.0,2026-06-07,fixed,https://www.semanticscholar.org/author/34679265
PROM Vireak,University of Puthisastra,Verified email at puthisastra.edu.kh,puthisastra.edu.kh,456.0,3.0,1.0,https://scholar.google.com/citations?hl=en&user=KygNKC4AAAAJ,0000-0002-8871-9292,found,,,2366356090,Vireak Prom,2.0,320.0,6.0,,fixed,https://www.semanticscholar.org/author/2366356090
Rany Vorn,University of Puthisastra,Verified email at puthisastra.edu.kh,puthisastra.edu.kh,412.0,13.0,16.0,https://scholar.google.com/citations?hl=en&user=JD9kDp4AAAAJ,0000-0002-9158-9302,found,,,7161898,Rany Vorn,11.0,311.0,29.0,,fixed,https://www.semanticscholar.org/author/7161898
Saqib Noor,University of Puthisastra,Verified email at puthisastra.edu.kh,puthisastra.edu.kh,409.0,12.0,12.0,https://scholar.google.com/citations?hl=en&user=cYM4LLAAAAAJ,0009-0009-0890-2598,found,,,47018171,S. Noor,12.0,421.0,35.0,,fixed,https://www.semanticscholar.org/author/47018171
POL Sreymom,"University of Puthisastra, University of Oxford",Verified email at puthisastra.edu.kh - Homepage,puthisastra.edu.kh,292.0,9.0,9.0,https://scholar.google.com/citations?hl=en&user=rlObPm0AAAAJ,0000-0001-8393-659X,found,,,37092174.0,Sreymom Pol,8.0,195.0,17.0,2026-06-07,skipped_close_match,https://www.semanticscholar.org/author/37092174.0
Virak Sorn,University of Puthisastra,Verified email at puthisastra.edu.kh - Homepage,puthisastra.edu.kh,202.0,5.0,3.0,https://scholar.google.com/citations?hl=en&user=q09euYIAAAAJ,0000-0002-1075-3482,found,57210788576.0,https://www.scopus.com/authid/detail.uri?authorId=57210788576,2271084494,V. Sorn,5.0,156.0,24.0,,fixed,https://www.semanticscholar.org/author/2271084494
"Kong Sophannary, DDS, PhD","Lecturer, Faculty of Dentistry, Faculty of Pharmacy, University of Puthisastra",Verified email at puthisastra.edu.kh,puthisastra.edu.kh,153.0,4.0,3.0,https://scholar.google.com/citations?hl=en&user=fLu6fGsAAAAJ,0000-0002-4590-0200,found,57194446961.0,https://www.scopus.com/authid/detail.uri?authorId=57194446961,nan,,,,,,no_better_found,
Sela Kong,"University of Puthisastra, Cambodia",Verified email at puthisastra.edu.kh,puthisastra.edu.kh,98.0,6.0,3.0,https://scholar.google.com/citations?hl=en&user=3E5b2mEAAAAJ,0000-0003-3204-9127,found,58283272600.0,https://www.scopus.com/authid/detail.uri?authorId=58283272600,2188027045,Sela Kong,4.0,33.0,11.0,2026-06-07,fixed,https://www.semanticscholar.org/author/2188027045
Chanvatanak LY,University of Puthisastra,Verified email at puthisastra.edu.kh,puthisastra.edu.kh,95.0,3.0,1.0,https://scholar.google.com/citations?hl=en&user=sfINRxsAAAAJ,0000-0003-1219-7763,found,,,2060999681,Chanvatanak Ly,1.0,5.0,3.0,,fixed,https://www.semanticscholar.org/author/2060999681
Romeo M Caringal,"Lecturer, Pediatrics, University of Puthisastra, Phnom Penh; Adjunct Prof, Asia-Pacific Nazarene TS",Verified email at puthisastra.edu.kh,puthisastra.edu.kh,84.0,1.0,1.0,https://scholar.google.com/citations?hl=en&user=-cKCatUAAAAJ,0009-0008-2593-2206,found,,,2237660258.0,Romeo M. Caringal,1.0,72.0,1.0,2026-06-07,skipped_low_hindex,https://www.semanticscholar.org/author/2237660258.0
Kalyan Kong,"Assistant Dean of Dentistry, University of Puthisastra",Verified email at puthisastra.edu.kh,puthisastra.edu.kh,77.0,3.0,3.0,https://scholar.google.com/citations?hl=en&user=cSBYdPMAAAAJ,0009-0006-2081-728X,found,,,15300228.0,K. Kong,3.0,51.0,5.0,2026-06-07,skipped_close_match,https://www.semanticscholar.org/author/15300228.0
Sokchan LORN,"Lecturer, University of Puthisastra",Verified email at puthisastra.edu.kh,puthisastra.edu.kh,73.0,4.0,4.0,https://scholar.google.com/citations?hl=en&user=8r9s9FgAAAAJ,0000-0001-5431-2673,found,,,151212646.0,Sokchan Lorn,3.0,34.0,7.0,2026-06-07,skipped_close_match,https://www.semanticscholar.org/author/151212646.0
Pea An,"UNIVERSITY OF PUTHISASTRA, Cambodia",Verified email at puthisastra.edu.kh - Homepage,puthisastra.edu.kh,57.0,1.0,1.0,https://scholar.google.com/citations?hl=en&user=fvkBPv8AAAAJ,0000-0002-1194-7043,found,,,,,,,,,skipped_low_hindex,
Youhok Lim,Hebron Medical Center and University of Puthisastra,Verified email at puthisastra.edu.kh,puthisastra.edu.kh,50.0,3.0,1.0,https://scholar.google.com/citations?hl=en&user=A2gLEpAAAAAJ,0000-0002-5009-686X,found,,,2254961772,Y. Lim,4.0,55.0,8.0,,fixed,https://www.semanticscholar.org/author/2254961772
PHA Channary,Unknown affiliation,Verified email at puthisastra.edu.kh,puthisastra.edu.kh,48.0,1.0,1.0,https://scholar.google.com/citations?hl=en&user=_01T5xgAAAAJ,0000-0003-3817-6768,found,,,,,,,,,skipped_low_hindex,
CHEM Sokea,Unknown affiliation,Verified email at puthisastra.edu.kh,puthisastra.edu.kh,40.0,3.0,1.0,https://scholar.google.com/citations?hl=en&user=Eivgy5YAAAAJ,0009-0000-6309-2473,found,,,2355220819.0,Chem Sokea,1.0,14.0,1.0,2026-06-07,skipped_close_match,https://www.semanticscholar.org/author/2355220819.0
Seema Lal-Kumar,"Director of Clinical Services and Lecturer, University of Puthisastra",Verified email at puthisastra.edu.kh - Homepage,puthisastra.edu.kh,39.0,3.0,2.0,https://scholar.google.com/citations?hl=en&user=rYuHKZYAAAAJ,0000-0003-0862-155X,found,,,2376914585.0,Seema Lal‐Kumar,1.0,1.0,1.0,2026-06-07,skipped_close_match,https://www.semanticscholar.org/author/2376914585.0
"Dr. SO Visessakseth, M.Pharm, PhD","Lecturer at Faculty of Pharmacy, University of Puthisastra",Verified email at puthisastra.edu.kh,puthisastra.edu.kh,37.0,2.0,2.0,https://scholar.google.com/citations?hl=en&user=_6Fvf3UAAAAJ,0009-0000-7117-8808,found,,,nan,,,,,,no_better_found,
YIM  Sovannra,University of Puthisastra,Verified email at puthisastra.edu.kh - Homepage,puthisastra.edu.kh,33.0,2.0,1.0,https://scholar.google.com/citations?hl=en&user=IJBzmZgAAAAJ,0009-0007-6568-7236,found,,,4380373,Yim Sovannra,2.0,18.0,2.0,,fixed,https://www.semanticscholar.org/author/4380373
CHHON Yanvary,University of Puthisastra,Verified email at puthisastra.edu.kh,puthisastra.edu.kh,32.0,3.0,1.0,https://scholar.google.com/citations?hl=en&user=OairS6gAAAAJ,0009-0004-1908-5080,found,,,11800106,Yanvary Chhon,2.0,23.0,6.0,,fixed,https://www.semanticscholar.org/author/11800106
Amarender Vadivelu,Visiting Senior Consultant Fortis Hospital Vadapalani Chennai India,Verified email at puthisastra.edu.kh,puthisastra.edu.kh,31.0,2.0,1.0,https://scholar.google.com/citations?hl=en&user=_vQ3mQEAAAAJ,0000-0002-6966-7052,found,,,66367247.0,A. Vadivelu,2.0,11.0,6.0,2026-06-07,skipped_close_match,https://www.semanticscholar.org/author/66367247.0
HONG Samnang,Unknown affiliation,Verified email at puthisastra.edu.kh,puthisastra.edu.kh,30.0,2.0,1.0,https://scholar.google.com/citations?hl=en&user=4RToCk8AAAAJ,0000-0003-1250-6757,found,,,2107299892.0,S. Chan,39.0,6842.0,473.0,2026-06-07,skipped_close_match,https://www.semanticscholar.org/author/2107299892.0
Tun Sreypeov,University of Puthisastra,Verified email at puthisastra.edu.kh - Homepage,puthisastra.edu.kh,27.0,1.0,1.0,https://scholar.google.com/citations?hl=en&user=KWvp26IAAAAJ,0009-0003-6498-4918,found,,,2400057418.0,T. Sreypeov,0.0,0.0,2.0,2026-06-07,skipped_low_hindex,https://www.semanticscholar.org/author/2400057418.0
OUK Rim,Professor of General Doctor,Verified email at puthisastra.edu.kh,puthisastra.edu.kh,27.0,3.0,2.0,https://scholar.google.com/citations?hl=en&user=QUKqifUAAAAJ,0009-0003-9387-120X,found,,,nan,,,,,,no_better_found,
Poul philip,Unknown affiliation,Verified email at puthisastra.edu.kh,puthisastra.edu.kh,21.0,1.0,1.0,https://scholar.google.com/citations?hl=en&user=POOjOu8AAAAJ,0000-0002-4704-0179,found,7402902899.0,https://www.scopus.com/authid/detail.uri?authorId=7402902899,,,,,,,skipped_low_hindex,
SAY Sreypich,University of Puthisastra,Verified email at puthisastra.edu.kh,puthisastra.edu.kh,20.0,3.0,0.0,https://scholar.google.com/citations?hl=en&user=OPc6ot4AAAAJ,0009-0005-1405-2455,found,57211952347.0,https://www.scopus.com/authid/detail.uri?authorId=57211952347,90193822,Sreypich Say,2.0,9.0,7.0,,fixed,https://www.semanticscholar.org/author/90193822
Kit Thavy,"Fundamental Chemisrty, University of Puthisastra",Verified email at puthisastra.edu.kh,puthisastra.edu.kh,20.0,2.0,1.0,https://scholar.google.com/citations?hl=en&user=NMlpGMIAAAAJ,0009-0004-8791-0679,found,,,2175913600,Thavy Kit,2.0,12.0,2.0,,fixed,https://www.semanticscholar.org/author/2175913600
Andrea Burke Ryan,University of Puthisastra,Verified email at puthisastra.edu.kh,puthisastra.edu.kh,19.0,2.0,1.0,https://scholar.google.com/citations?hl=en&user=JNidkHAAAAAJ,0009-0004-8783-029X,found,,,51141747.0,A. Ryan,1.0,10.0,6.0,2026-06-07,skipped_close_match,https://www.semanticscholar.org/author/51141747.0
MEAS Sochanwattey,University of Puthisastra,Verified email at puthisastra.edu.kh,puthisastra.edu.kh,16.0,3.0,0.0,https://scholar.google.com/citations?hl=en&user=3iFT4wIAAAAJ,0000-0002-9324-9168,found,57210149080.0,https://www.scopus.com/authid/detail.uri?authorId=57210149080,1965929551,Sochanwattey Meas,3.0,13.0,3.0,,fixed,https://www.semanticscholar.org/author/1965929551
EAM Mao,Assistant Prof.,Verified email at puthisastra.edu.kh,puthisastra.edu.kh,16.0,3.0,0.0,https://scholar.google.com/citations?hl=en&user=UXIMQ24AAAAJ,0009-0009-3527-9965,found,,,2303542975.0,Mao Eam,2.0,4.0,4.0,2026-06-07,skipped_close_match,https://www.semanticscholar.org/author/2303542975.0
BE Sokkeang,Program Manager,Verified email at puthisastra.edu.kh,puthisastra.edu.kh,15.0,1.0,1.0,https://scholar.google.com/citations?hl=en&user=hfAeBPIAAAAJ,0000-0001-7888-7914,found,,,2128833876.0,Sokkeang Be,1.0,13.0,1.0,2026-06-07,skipped_low_hindex,https://www.semanticscholar.org/author/2128833876.0
Techly SAN,Assistant Professor | Program Coordinator of Dentistry | Researcher | University of Puthisastra (UP),Verified email at puthisastra.edu.kh - Homepage,puthisastra.edu.kh,14.0,2.0,0.0,https://scholar.google.com/citations?hl=en&user=JLFYCRcAAAAJ,0000-0001-8110-823X,found,,,2400321653.0,San Techly,0.0,0.0,1.0,2026-06-07,skipped_close_match,https://www.semanticscholar.org/author/2400321653.0
EAT Sokhoeun,University of Puthisastra,Verified email at puthisastra.edu.kh,puthisastra.edu.kh,13.0,2.0,0.0,https://scholar.google.com/citations?hl=en&user=4YDjYAEAAAAJ,0009-0002-3623-2260,found,,,2271089992.0,S. Eat,2.0,11.0,6.0,2026-06-07,skipped_close_match,https://www.semanticscholar.org/author/2271089992.0
SUON Monirath,"Department of Nursing, University of Puthisastra",Verified email at puthisastra.edu.kh,puthisastra.edu.kh,13.0,2.0,0.0,https://scholar.google.com/citations?hl=en&user=Af7ll4YAAAAJ,0009-0001-1329-3856,found,,,2271086746.0,Monirath Suon,1.0,3.0,3.0,2026-06-07,skipped_close_match,https://www.semanticscholar.org/author/2271086746.0
PHAN Samnang,Doctor,Verified email at puthisastra.edu.kh,puthisastra.edu.kh,12.0,2.0,0.0,https://scholar.google.com/citations?hl=en&user=HRZ1G8YAAAAJ,0000-0003-1250-6757,found,,,nan,,,,,,no_better_found,
Vannary YI,University of Puthisastra,Verified email at puthisastra.edu.kh,puthisastra.edu.kh,11.0,1.0,0.0,https://scholar.google.com/citations?hl=en&user=1Uv5ZaoAAAAJ,0009-0001-6167-1073,found,,,2366357666.0,Vannary Yi,1.0,4.0,6.0,2026-06-07,skipped_low_hindex,https://www.semanticscholar.org/author/2366357666.0
CHANTHONG YORN,University of Puthisastra,Verified email at puthisastra.edu.kh,puthisastra.edu.kh,10.0,1.0,1.0,https://scholar.google.com/citations?hl=en&user=LrjvXLsAAAAJ,0009-0000-6792-5700,found,,,2291064768.0,Chanthong Yorn,1.0,10.0,1.0,2026-06-07,skipped_low_hindex,https://www.semanticscholar.org/author/2291064768.0
NOY PISEY,"Pediatrician, Khmer-Soviet Friendship Hospital",Verified email at puthisastra.edu.kh,puthisastra.edu.kh,9.0,1.0,0.0,https://scholar.google.com/citations?hl=en&user=1SZQOJgAAAAJ,0000-0002-9907-766X,found,,,2053706425.0,P. Noy,1.0,5.0,2.0,2026-06-07,skipped_low_hindex,https://www.semanticscholar.org/author/2053706425.0
Sokly Mom,Epidemiologist,Verified email at puthisastra.edu.kh,puthisastra.edu.kh,8.0,1.0,0.0,https://scholar.google.com/citations?hl=en&user=qasa79gAAAAJ,0000-0003-3279-1479,found,,,2323555209.0,Sokly Mom,1.0,7.0,5.0,2026-06-07,skipped_low_hindex,https://www.semanticscholar.org/author/2323555209.0
THIM  Pichthida,"Faculty of Medicine, University of Puthisastra",Verified email at puthisastra.edu.kh,puthisastra.edu.kh,8.0,2.0,0.0,https://scholar.google.com/citations?hl=en&user=Yca9Y2IAAAAJ,0000-0002-7539-4150,found,,,151175951.0,P. Thim,1.0,1.0,5.0,2026-06-07,skipped_close_match,https://www.semanticscholar.org/author/151175951.0
CHEAB Sambath,University of Puthisastra,Verified email at puthisastra.edu.kh - Homepage,puthisastra.edu.kh,8.0,1.0,0.0,https://scholar.google.com/citations?hl=en&user=e11RAvsAAAAJ,0009-0000-4317-1449,found,,,2291865735.0,Sambath Cheab,1.0,4.0,2.0,2026-06-07,skipped_low_hindex,https://www.semanticscholar.org/author/2291865735.0
Chhea Sophearom,"Faculty of Pharmacy, University of Puthisastra",Verified email at puthisastra.edu.kh,puthisastra.edu.kh,7.0,1.0,0.0,https://scholar.google.com/citations?hl=en&user=OUsCQ2wAAAAJ,0009-0001-6002-0420,found,,,2097723371.0,Sophearom Chhea,0.0,0.0,3.0,2026-06-07,skipped_low_hindex,https://www.semanticscholar.org/author/2097723371.0
Sok Sanith,Lecturer,Verified email at puthisastra.edu.kh,puthisastra.edu.kh,5.0,1.0,0.0,https://scholar.google.com/citations?hl=en&user=AzL6iM0AAAAJ,0000-0003-4272-3162,found,,,,,,,,,skipped_low_hindex,
Kem Sokunthea,Deputy Dean of Nursing Department,Verified email at puthisastra.edu.kh,puthisastra.edu.kh,3.0,1.0,0.0,https://scholar.google.com/citations?hl=en&user=HZ3eJaAAAAAJ,0009-0002-3906-5031,found,,,2400055904.0,K. Sokunthea,0.0,0.0,2.0,2026-06-07,skipped_low_hindex,https://www.semanticscholar.org/author/2400055904.0
Rotha KOL,University of Puthisastra,Verified email at puthisastra.edu.kh,puthisastra.edu.kh,3.0,1.0,0.0,https://scholar.google.com/citations?hl=en&user=Q1x4AvoAAAAJ,0009-0002-5234-6380,found,,,,,,,,,skipped_low_hindex,
Tricia J. Hester,University of Puthisastra,Verified email at puthisastra.edu.kh - Homepage,puthisastra.edu.kh,2.0,1.0,0.0,https://scholar.google.com/citations?hl=en&user=cvBmMi0AAAAJ,0009-0003-7250-5745,found,,,,,,,,,skipped_low_hindex,
MUK Lykeang,University of Puthisastra,Verified email at puthisastra.edu.kh,puthisastra.edu.kh,2.0,1.0,0.0,https://scholar.google.com/citations?hl=en&user=oBWPepcAAAAJ,0009-0006-4492-6894,found,,,2271084480.0,Lykeang Muk,1.0,1.0,2.0,2026-06-07,skipped_low_hindex,https://www.semanticscholar.org/author/2271084480.0
Heng MAO,Assistant Professor of Medicine,Verified email at puthisastra.edu.kh,puthisastra.edu.kh,2.0,1.0,0.0,https://scholar.google.com/citations?hl=en&user=HIGXoTQAAAAJ,0000-0002-2760-6534,found,56650877500.0,https://www.scopus.com/authid/detail.uri?authorId=56650877500,,,,,,,skipped_low_hindex,
KHOM Sanchhay,Unknown affiliation,Verified email at puthisastra.edu.kh,puthisastra.edu.kh,1.0,1.0,0.0,https://scholar.google.com/citations?hl=en&user=4JQej0AAAAAJ,0009-0000-4309-4383,found,,,,,,,,,skipped_low_hindex,
Sreynich CHHUN,"Lecturer of the Department of Science Research, Faculty of Science and Technology, UP",Verified email at puthisastra.edu.kh,puthisastra.edu.kh,1.0,1.0,0.0,https://scholar.google.com/citations?hl=en&user=eodAWhgAAAAJ,0009-0009-3082-4186,found,,,2361998336.0,S. Chhun,1.0,13.0,7.0,2026-06-07,skipped_low_hindex,https://www.semanticscholar.org/author/2361998336.0
Heng Sophea,"Lecturer of Surgery, Faculty of Medicine",Verified email at puthisastra.edu.kh,puthisastra.edu.kh,1.0,1.0,0.0,https://scholar.google.com/citations?hl=en&user=s31URnIAAAAJ,0009-0001-9723-0595,found,,,89045073.0,Heng Sophea,0.0,0.0,2.0,2026-06-07,skipped_low_hindex,https://www.semanticscholar.org/author/89045073.0
Vutha Meas,Calmette Hospital and University of Puthisastra,Verified email at puthisastra.edu.kh,puthisastra.edu.kh,1.0,1.0,0.0,https://scholar.google.com/citations?hl=en&user=vbz4AIkAAAAJ,0000-0002-6198-3704,found,57193453344.0,https://www.scopus.com/authid/detail.uri?authorId=57193453344,2425529865.0,Vutha Meas,0.0,0.0,1.0,2026-06-07,skipped_low_hindex,https://www.semanticscholar.org/author/2425529865.0
Dr. AN SRIM,"Ajc. C. Asst. Professor, University of Puthisastra",Verified email at puthisastra.edu.kh,puthisastra.edu.kh,1.0,1.0,0.0,https://scholar.google.com/citations?hl=en&user=uaGjS80AAAAJ,0009-0003-0149-5420,found,,,,,,,,,skipped_low_hindex,
Ratanakromanea Ngin,University of Puthisastra,Verified email at puthisastra.edu.kh,puthisastra.edu.kh,1.0,1.0,0.0,https://scholar.google.com/citations?hl=en&user=l0eH944AAAAJ,0009-0001-5765-5425,found,,,,,,,,,skipped_low_hindex,
chea ong,"Professor of Hepato-Gastroenterologist. University of Health Sciences, Puthisastra and International",Verified email at puthisastra.edu.kh,puthisastra.edu.kh,1.0,1.0,0.0,https://scholar.google.com/citations?hl=en&user=CPufyjkAAAAJ,0000-0001-7912-1048,found,,,,,,,,,skipped_low_hindex,
Sophaneth Keo,"Lecturer of Biochemistry, University of Puthisastra",Verified email at puthisastra.edu.kh,puthisastra.edu.kh,1.0,1.0,0.0,https://scholar.google.com/citations?hl=en&user=tQwvWxIAAAAJ,0009-0003-6335-8827,found,,,,,,,,,skipped_low_hindex,
Michael Renfrew,"Director of Research, University of Puthisastra",Verified email at puthisastra.edu.kh,puthisastra.edu.kh,0.0,0.0,0.0,https://scholar.google.com/citations?hl=en&user=BG4fQfEAAAAJ,0009-0006-6049-8770,found,,,2409336638.0,Mike Renfrew,0.0,0.0,3.0,2026-06-07,skipped_low_hindex,https://www.semanticscholar.org/author/2409336638.0
HENG Sreyly,University of Puthisastra,Verified email at puthisastra.edu.kh,puthisastra.edu.kh,0.0,0.0,0.0,https://scholar.google.com/citations?hl=en&user=uuFMfjYAAAAJ,0009-0000-2519-3791,found,,,,,,,,,skipped_low_hindex,
YEM  Sokha,university of puthisastra,Verified email at puthisastra.edu.kh,puthisastra.edu.kh,0.0,0.0,0.0,https://scholar.google.com/citations?hl=en&user=bBy04t0AAAAJ,0009-0005-1573-0609,found,,,2409337195.0,Yem Sokha,0.0,0.0,2.0,2026-06-07,skipped_low_hindex,https://www.semanticscholar.org/author/2409337195.0
SRUY HUY,"Khmer-Soviet Friendship Hospital, University of Health Science, University of Puthisastra",Verified email at puthisastra.edu.kh,puthisastra.edu.kh,0.0,0.0,0.0,https://scholar.google.com/citations?hl=en&user=J6qTOyAAAAAJ,0009-0003-1791-129X,found,,,2135593211.0,Huy Sruy,1.0,2.0,16.0,2026-06-07,skipped_low_hindex,https://www.semanticscholar.org/author/2135593211.0
Chendavatey Pok,Doctor,Verified email at puthisastra.edu.kh,puthisastra.edu.kh,0.0,0.0,0.0,https://scholar.google.com/citations?hl=en&user=5__wnkgAAAAJ,0000-0001-8041-2678,found,,,2429743952.0,Chendavatey Pok,0.0,0.0,1.0,2026-06-07,skipped_low_hindex,https://www.semanticscholar.org/author/2429743952.0
LAM Pechkethia,"Pediatric Hematology, University of Health Sciences",Verified email at puthisastra.edu.kh,puthisastra.edu.kh,0.0,0.0,0.0,https://scholar.google.com/citations?hl=en&user=g24IXQoAAAAJ,0009-0003-3358-4057,found,,,,,,,,,skipped_low_hindex,
PIT Sovannary,University of Puthisastra,Verified email at puthisastra.edu.kh,puthisastra.edu.kh,0.0,0.0,0.0,https://scholar.google.com/citations?hl=en&user=RP7Mlv8AAAAJ,0009-0004-9519-7180,found,,,,,,,,,skipped_low_hindex,
VANN  Lida,Unknown affiliation,Verified email at puthisastra.edu.kh,puthisastra.edu.kh,0.0,0.0,0.0,https://scholar.google.com/citations?hl=en&user=vPkXSuYAAAAJ,0009-0000-7429-8653,found,,,2439817285.0,Lida Vann,0.0,0.0,1.0,2026-06-07,skipped_low_hindex,https://www.semanticscholar.org/author/2439817285.0
NOV Sreyroth,"Deputy Dean of Midwifery, University of Puthisastra",Verified email at puthisastra.edu.kh,puthisastra.edu.kh,0.0,0.0,0.0,https://scholar.google.com/citations?hl=en&user=jRTFhBMAAAAJ,0009-0006-0013-2953,found,,,2400055933.0,N. Sreyroth,0.0,0.0,2.0,2026-06-07,skipped_low_hindex,https://www.semanticscholar.org/author/2400055933.0
"Professor, Dr. Sou Veasna",Royal University of Phnom Penh (RUPP),Verified email at rupp.edu.kh -Homepage,rupp.edu.kh,1139.0,9.0,6.0,https://scholar.google.com/citations?hl=en&user=88pQgvAAAAAJ,0000-0002-6947-2482,found,,,nan,,,,,,no_better_found,
"Chan Oeurn Chey, PhD","Graduate School of Science, Royal University of Phnom Penh",Verified email at rupp.edu.kh -Homepage,rupp.edu.kh,831.0,16.0,22.0,https://scholar.google.com/citations?hl=en&user=2ALq40oAAAAJ,0000-0002-0618-6999,found,,,nan,,,,,,no_better_found,
Beanbonyka Rim,Royal University of Phnom Penh,Verified email at rupp.edu.kh,rupp.edu.kh,804.0,11.0,12.0,https://scholar.google.com/citations?hl=en&user=h-qfOGkAAAAJ,0000-0003-1232-0610,found,,,1819239401,Beanbonyka Rim,10.0,568.0,15.0,2026-06-07,fixed,https://www.semanticscholar.org/author/1819239401
Say Sok,Independent Consultant and Researcher,Verified email at rupp.edu.kh,rupp.edu.kh,681.0,17.0,23.0,https://scholar.google.com/citations?hl=en&user=LvzVwc4AAAAJ,0000-0003-0828-0193,found,,,83846615,Say Sok,11.0,204.0,20.0,,fixed,https://www.semanticscholar.org/author/83846615
Mak Sithirith,Researcher,Verified email at rupp.edu.kh,rupp.edu.kh,619.0,13.0,21.0,https://scholar.google.com/citations?hl=en&user=NBYZltoAAAAJ,0000-0002-9567-6585,found,56139499200.0,https://www.scopus.com/authid/detail.uri?authorId=56139499200,87214222.0,M. Sithirith,10.0,253.0,42.0,2026-06-07,skipped_close_match,https://www.semanticscholar.org/author/87214222.0
Veasna Soum,Royal University of Phnom Penh,Verified email at rupp.edu.kh,rupp.edu.kh,554.0,11.0,11.0,https://scholar.google.com/citations?hl=en&user=dg6Ez8QAAAAJ,0000-0003-4164-2379,found,57190286988.0,https://www.scopus.com/authid/detail.uri?authorId=57190286988,51033561,Veasna Soum,10.0,400.0,18.0,2026-06-07,fixed,https://www.semanticscholar.org/author/51033561
Sok Serey,HKBU,Verified email at rupp.edu.kh -Homepage,rupp.edu.kh,512.0,12.0,17.0,https://scholar.google.com/citations?hl=en&user=JgDhDJIAAAAJ,0000-0002-3722-0125,found,,,104211199,Serey Sok,8.0,211.0,45.0,2026-06-07,fixed,https://www.semanticscholar.org/author/104211199
Leang UN,Dean,Verified email at rupp.edu.kh -Homepage,rupp.edu.kh,465.0,10.0,12.0,https://scholar.google.com/citations?hl=en&user=pkRMNd8AAAAJ,0000-0002-6251-3368,found,,,118493777,L. Un,6.0,122.0,15.0,2026-06-07,fixed,https://www.semanticscholar.org/author/118493777
Vin Spoann,"Assoc. professor, Royal University of Phnom Penh",Verified email at rupp.edu.kh -Homepage,rupp.edu.kh,444.0,8.0,8.0,https://scholar.google.com/citations?hl=en&user=bn4FpIIAAAAJ,0000-0003-3491-0101,found,,,41069692,Vin Spoann,6.0,241.0,9.0,,fixed,https://www.semanticscholar.org/author/41069692
Tieng Siteng,"Faculty of Engineering, Royal University of Phnom Penh, Cambodia",Verified email at rupp.edu.kh,rupp.edu.kh,398.0,10.0,10.0,https://scholar.google.com/citations?hl=en&user=mlH6VK0AAAAJ,0000-0002-9037-6671,found,37073526900.0,https://www.scopus.com/authid/detail.uri?authorId=37073526900,9810765.0,S. Tieng,9.0,264.0,16.0,2026-06-07,skipped_close_match,https://www.semanticscholar.org/author/9810765.0
KAKADA UON,"Teacher of English as a second language, Institute of Technology of Cambodia (ITC)",Verified email at itc.edu.kh,itc.edu.kh,2358.0,21.0,38.0,https://scholar.google.com/citations?hl=en&user=y6Nqw2gAAAAJ,0000-0002-8627-5317,found,,,nan,,,,,,no_better_found,
Hasika Mith,"Researcher, Institute of Technology of Cambodia",Verified email at itc.edu.kh,itc.edu.kh,877.0,13.0,13.0,https://scholar.google.com/citations?hl=en&user=wjzQqKoAAAAJ,0000-0003-3428-5094,found,,,144723379,H. Mith,10.0,559.0,25.0,,fixed,https://www.semanticscholar.org/author/144723379
SOK Ty,Institute of Technology of Cambodia,Verified email at itc.edu.kh,itc.edu.kh,772.0,17.0,23.0,https://scholar.google.com/citations?hl=en&user=_r9PG1UAAAAJ,0009-0006-6591-8519,found,,,38880241,Ty Sok,12.0,404.0,34.0,,fixed,https://www.semanticscholar.org/author/38880241
PHAT Chanvorleak,"Head of Food Technology and Nutrition Research Unit, Institute of Technology of Cambodia",Verified email at itc.edu.kh,itc.edu.kh,738.0,7.0,7.0,https://scholar.google.com/citations?hl=en&user=mYv2qGAAAAAJ,0000-0002-3674-4912,found,55586059900.0,https://www.scopus.com/authid/detail.uri?authorId=55586059900,4329785,C. Phat,7.0,476.0,24.0,,fixed,https://www.semanticscholar.org/author/4329785
Long Bun,Institute of Technology of Cambodia,Verified email at itc.edu.kh,itc.edu.kh,662.0,14.0,18.0,https://scholar.google.com/citations?hl=en&user=XZKnwyYAAAAJ,0009-0009-1736-3960,found,,,2107299892,S. Chan,39.0,6854.0,473.0,2026-06-07,fixed,https://www.semanticscholar.org/author/2107299892
PHUN Vengkheang,Visiting Associate Professor,Verified email at itc.edu.kh -Homepage,itc.edu.kh,525.0,11.0,11.0,https://scholar.google.com/citations?hl=en&user=j73WVVkAAAAJ,0000-0002-2871-3091,found,,,nan,,,,,,no_better_found,
Pichmony Ek,Institute of Technology of Cambodia,Verified email at itc.edu.kh,itc.edu.kh,497.0,12.0,12.0,https://scholar.google.com/citations?hl=en&user=Dn_pqWcAAAAJ,0000-0002-6373-797X,found,,,96770504,Pichmony Ek,9.0,256.0,18.0,,fixed,https://www.semanticscholar.org/author/96770504
TAN Reasmey,Institute of Technology of Cambodia (ITC),Verified email at itc.edu.kh,itc.edu.kh,485.0,9.0,9.0,https://scholar.google.com/citations?hl=en&user=q8IUX-gAAAAJ,0009-0005-5999-7663,found,,,2616060,R. Tan,19.0,1200.0,40.0,,fixed,https://www.semanticscholar.org/author/2616060
Vannak Vai,"Lecturer-Researcher, Institute of Technology of Cambodia",Verified email at itc.edu.kh -Homepage,itc.edu.kh,449.0,11.0,13.0,https://scholar.google.com/citations?hl=en&user=CswoKhYAAAAJ,0000-0002-9540-4926,found,57195285947.0,https://www.scopus.com/authid/detail.uri?authorId=57195285947,2927626,Vannak Vai,10.0,320.0,50.0,2026-06-07,fixed,https://www.semanticscholar.org/author/2927626
Dona Valy,Institute of Technology of Cambodia,Verified email at itc.edu.kh,itc.edu.kh,360.0,10.0,10.0,https://scholar.google.com/citations?hl=en&user=dLCU38EAAAAJ,0009-0000-6181-5551,found,57192063150.0,https://www.scopus.com/authid/detail.uri?authorId=57192063150,8700325,Dona Valy,10.0,242.0,24.0,2026-06-07,fixed,https://www.semanticscholar.org/author/8700325
Bunyeth Chan,"Posdoctoral Researcher, Wonders of the Mekong Project, c/o Inland Fisheries Research and Development",Verified email at sru.edu.kh,sru.edu.kh,240.0,10.0,11.0,https://scholar.google.com/citations?hl=en&user=ElfJjWUAAAAJ,0000-0001-9102-5534,found,,,144532827,Bunyeth Chan,8.0,154.0,20.0,,fixed,https://www.semanticscholar.org/author/144532827
Bunly Soeung,"Lecturer, Svay Rieng University and Research Fellow, Cambodian Institute for Cooperation and Peace",Verified email at mail.sru.edu.kh,sru.edu.kh,168.0,5.0,5.0,https://scholar.google.com/citations?hl=en&user=x3DgONcAAAAJ,0009-0000-6236-9637,found,,,40998714,Bunly Soeung,5.0,116.0,6.0,,fixed,https://www.semanticscholar.org/author/40998714
"Serey Mardy, PhD","Faculty of Agriculture, Svay Rieng University",Verified email at mail.sru.edu.kh -Homepage,sru.edu.kh,88.0,5.0,1.0,https://scholar.google.com/citations?hl=en&user=kGuyg5EAAAAJ,0009-0002-1049-7324,found,59261029900.0,https://www.scopus.com/authid/detail.uri?authorId=59261029900,nan,,,,,,no_better_found,
Asst. Prof. Dr. Dina Pen,"Assistant Professor, Svay Rieng University",Verified email at mail.sru.edu.kh,sru.edu.kh,83.0,5.0,3.0,https://scholar.google.com/citations?hl=en&user=14aYIskAAAAJ,0009-0004-0104-2840,found,59316667400.0,https://www.scopus.com/authid/detail.uri?authorId=59316667400,nan,,,,,,no_better_found,
phearun lay,"Part-time lecturer at Svay Rieng University, Cambodia",Verified email at sru.edu.kh -Homepage,sru.edu.kh,6.0,1.0,0.0,https://scholar.google.com/citations?hl=en&user=9BDQwkYAAAAJ,0000-0003-1543-7849,found,57698933600.0,https://www.scopus.com/authid/detail.uri?authorId=57698933600,,,,,,,skipped_low_hindex,
Tithya Kang,Svay Rieng University,Verified email at mail.sru.edu.kh,sru.edu.kh,4.0,1.0,0.0,https://scholar.google.com/citations?hl=en&user=5vVpDyIAAAAJ,0009-0009-0531-6788,found,,,,,,,,,skipped_low_hindex,
CHOUN Pheakdey,"Doctoral Student, Institute of Technology of Cambodia",Verified email at sru.edu.kh,sru.edu.kh,1.0,1.0,0.0,https://scholar.google.com/citations?hl=en&user=ZN-fJaQAAAAJ,0009-0006-4262-5828,found,,,,,,,,,skipped_low_hindex,
Chou Manith,Svay Rieng University,Verified email at sru.edu.kh,sru.edu.kh,1.0,1.0,0.0,https://scholar.google.com/citations?hl=en&user=lYC1-uUAAAAJ,0009-0004-9026-0582,found,,,2204789409.0,Manith Chou,1.0,1.0,1.0,2026-06-07,skipped_low_hindex,https://www.semanticscholar.org/author/2204789409.0
THOK Piseth,Svay Rieng University,Verified email at mail.sru.edu.kh,sru.edu.kh,,,,https://scholar.google.com/citations?hl=en&user=RKd02CYAAAAJ,0009-0002-4751-9566,found,,,2164145160,Piseth Thok,0.0,0.0,1.0,2026-06-07,fixed,https://www.semanticscholar.org/author/2164145160
Arun Meas,National Meanchey University,Verified email at nmu.edu.kh,nmu.edu.kh,400.0,5.0,5.0,https://scholar.google.com/citations?hl=en&user=EXNzgAQAAAAJ,0009-0000-7899-6395,found,57126240900.0,https://www.scopus.com/authid/detail.uri?authorId=57126240900,15322123,,,,,,fixed,https://www.semanticscholar.org/author/15322123
Veu Thangrak.PhD,"National Meanchey University, Cambodia",Verified email at nmu.edu.kh -Homepage,nmu.edu.kh,105.0,3.0,1.0,https://scholar.google.com/citations?hl=en&user=9iWy3mcAAAAJ,0000-0001-8183-6149,found,,,nan,,,,,,no_better_found,
Sopheak TITH,Lecturer,Verified email at nmu.edu.kh -Homepage,nmu.edu.kh,12.0,2.0,0.0,https://scholar.google.com/citations?hl=en&user=Z_77FHYAAAAJ,0009-0007-2736-5455,found,,,2280791694.0,Sopheak Tith,0.0,0.0,3.0,2026-06-07,skipped_close_match,https://www.semanticscholar.org/author/2280791694.0
Chumrong Chhom,"Civil Servant, Royal Academy of Cambodia",Verified email at rac.gov.kh,rac.gov.kh,4.0,1.0,0.0,https://scholar.google.com/citations?hl=en&user=ST9zXxMAAAAJ,0009-0003-0905-5577,found,,,,,,,,,skipped_low_hindex,
Amirhossein Taghipour,Preah Sihamoniraja Buddhist University,Verified email at psbu.edu.kh,psbu.edu.kh,,,,https://scholar.google.com/citations?hl=en&user=I8NtP04AAAAJ,0000-0002-7409-2484,found,57408439900.0,https://www.scopus.com/authid/detail.uri?authorId=57408439900,115928941,A. Taghipour,12.0,614.0,36.0,2026-06-07,fixed,https://www.semanticscholar.org/author/115928941
CHREA Sesokunthideth,Unknown affiliation,Verified email at ntti.edu.kh,ntti.edu.kh,233.0,3.0,2.0,https://scholar.google.com/citations?hl=en&user=1iUZfT4AAAAJ,0000-0003-4328-9855,found,55637867300.0,https://www.scopus.com/authid/detail.uri?authorId=55637867300,120037789.0,Sesokunthideth Chrea,3.0,184.0,3.0,2026-06-07,skipped_close_match,https://www.semanticscholar.org/author/120037789.0
Davuth Dy,Build Bright University,Verified email at bbu.edu.kh -Homepage,bbu.edu.kh,38.0,2.0,1.0,https://scholar.google.com/citations?hl=en&user=5i-LGdkAAAAJ,0009-0005-5650-7227,found,55368203800.0,https://www.scopus.com/authid/detail.uri?authorId=55368203800,119090864,Davuth Dy,2.0,28.0,3.0,,fixed,https://www.semanticscholar.org/author/119090864
Lim Kim Eav,Build Bright University,Verified email at pp.bbu.edu.kh -Homepage,bbu.edu.kh,24.0,3.0,0.0,https://scholar.google.com/citations?hl=en&user=UlNvRcYAAAAJ,0009-0002-2144-5204,found,,,2303377530.0,L. Eav,2.0,9.0,11.0,2026-06-07,skipped_close_match,https://www.semanticscholar.org/author/2303377530.0
Kong Chantha,Build Bright University,Verified email at bmc.bbu.edu.kh,bbu.edu.kh,6.0,2.0,0.0,https://scholar.google.com/citations?hl=en&user=h1QS8o4AAAAJ,0009-0002-0548-6364,found,,,2337290728.0,Chantha Kong,0.0,0.0,2.0,2026-06-07,skipped_close_match,https://www.semanticscholar.org/author/2337290728.0
Pao Sari,Unknown affiliation,Verified email at mekong.edu.kh,mekong.edu.kh,1841.0,10.0,10.0,https://scholar.google.com/citations?hl=en&user=ZP-DbwYAAAAJ,0009-0007-9244-5101,found,,,nan,,,,,,no_better_found,
Romny Ly,Cambodian Mekong University,Verified email at mekong.edu.kh,mekong.edu.kh,455.0,9.0,7.0,https://scholar.google.com/citations?hl=en&user=KHPUqLkAAAAJ,0000-0002-0084-7944,found,,,1581854695.0,Romny Ly,8.0,276.0,23.0,2026-06-07,skipped_close_match,https://www.semanticscholar.org/author/1581854695.0
Siek Darith,Dr.,Verified email at ume.edu.kh,ume.edu.kh,147.0,6.0,4.0,https://scholar.google.com/citations?hl=en&user=UExmHhcAAAAJ,0009-0002-3423-633X,found,,,102560963,Siek Darith,4.0,33.0,20.0,2026-06-07,fixed,https://www.semanticscholar.org/author/102560963
Norm Rorthmony,Primary School Teacher,Verified email at ume.edu.kh,ume.edu.kh,,,,https://scholar.google.com/citations?hl=en&user=YhoobQwAAAAJ,0009-0002-1369-5879,found,,,nan,,,,,,no_better_found,
Dr.Ben Fahmy,Dewey International University,Verified email at diu.edu.kh -Homepage,diu.edu.kh,19.0,1.0,1.0,https://scholar.google.com/citations?hl=en&user=UsAG-NYAAAAJ,0009-0007-4633-1592,found,,,,,,,,,skipped_low_hindex,
Dr. KEA SOKVIBOL,"Internal Quality Assurance Office, University of South-East Asia (USEA)",Verified email at usea.edu.kh -Homepage,usea.edu.kh,859.0,14.0,17.0,https://scholar.google.com/citations?hl=en&user=UjqEAicAAAAJ,0000-0003-0950-3336,found,,,nan,,,,,,no_better_found,
Sengthai Lay,"Lecturer, University of South-East Asia",Verified email at usea.edu.kh -Homepage,usea.edu.kh,,,,https://scholar.google.com/citations?hl=en&user=34rxI-sAAAAJ,0009-0008-1347-9053,found,,,2337275446,Sengthai Lay,0.0,0.0,2.0,2026-06-07,fixed,https://www.semanticscholar.org/author/2337275446
"Long Bunteng,Ph.D.",Professor and Dean of Faculty of Management - Hotel and Tourism,Verified email at westernuniversity.edu.kh,westernuniversity.edu.kh,81.0,4.0,2.0,https://scholar.google.com/citations?hl=en&user=WusFoAkAAAAJ,0009-0006-1086-1586,found,,,nan,,,,,,no_better_found,
Sovang Long,Dean of Graduate School,Verified email at westernuniversity.edu.kh -Homepage,westernuniversity.edu.kh,58.0,3.0,2.0,https://scholar.google.com/citations?hl=en&user=tdYyWdUAAAAJ,0000-0001-8194-5580,found,,,2258362105.0,Sovang Long,1.0,4.0,5.0,2026-06-07,skipped_close_match,https://www.semanticscholar.org/author/2258362105.0
hok thavuth,"Vice President, Western University",Verified email at westernuniversity.edu.kh,westernuniversity.edu.kh,25.0,2.0,2.0,https://scholar.google.com/citations?hl=en&user=E8CnhKoAAAAJ,0000-0002-5418-2984,found,,,2373391444.0,Thavuth Hok,1.0,2.0,1.0,2026-06-07,skipped_close_match,https://www.semanticscholar.org/author/2373391444.0
Sothea Yon,Research team,Verified email at angkor.edu.kh -Homepage,angkor.edu.kh,117.0,5.0,4.0,https://scholar.google.com/citations?hl=en&user=xEhZGXgAAAAJ,0009-0000-5943-2607,found,,,nan,,,,,,no_better_found,
Arun Singh,East Asia Management University,Verified email at eamu.edu.kh -Homepage,eamu.edu.kh,3665.0,21.0,106.0,https://scholar.google.com/citations?hl=en&user=eBLaVfIAAAAJ,0000-0003-4757-8646,found,,,1399890838,Arun S. Singh,38.0,4041.0,136.0,2026-06-07,fixed,https://www.semanticscholar.org/author/1399890838
sonkang ly,Phnom Penh University of the Arts,Verified email at ppua.edu.kh,ppua.edu.kh,161.0,7.0,6.0,https://scholar.google.com/citations?hl=en&user=vG-HaFYAAAAJ,0000-0001-6202-628X,found,,,nan,,,,,,no_better_found,
Ashli Josh Aurellano,Student at Phnom Penh University of Arts,Verified email at ppua.edu.kh,ppua.edu.kh,41.0,1.0,1.0,https://scholar.google.com/citations?hl=en&user=Cb72PYUAAAAJ,0009-0007-1046-6153,found,,,,,,,,,skipped_low_hindex,
kang kay,Study at Phnom Penh University of the Arts - PPUA and ISTAD,Verified email at ppua.edu.kh,ppua.edu.kh,,,,https://scholar.google.com/citations?hl=en&user=rnQfXPsAAAAJ,0000-0003-2389-5903,found,,,47841301,K. Yu,69.0,25131.0,945.0,,fixed,https://www.semanticscholar.org/author/47841301
Pisith Hok,"Dean of Faculty of Law and Economics, ACLEDA University of Business (AUB)",Verified email at aub.edu.kh -Homepage,aub.edu.kh,3.0,1.0,0.0,https://scholar.google.com/citations?hl=en&user=ylceR3oAAAAJ,0009-0003-3554-7380,found,,,,,,,,,skipped_low_hindex,
Mr.Moly,ACLEADA University of Business,Verified email at aub.edu.kh,aub.edu.kh,1.0,1.0,0.0,https://scholar.google.com/citations?hl=en&user=JXTa-yEAAAAJ,,found,,,,,,,,,skipped_low_hindex,
SAPHONN Vonthanak,Professor of Public Health,Verified email at uhs.edu.kh,uhs.edu.kh,4298.0,37.0,96.0,https://scholar.google.com/citations?hl=en&user=T9boLcsAAAAJ,0000-0002-5620-0517,found,,,5087669.0,V. Saphonn,27.0,2125.0,108.0,2026-06-07,skipped_close_match,https://www.semanticscholar.org/author/5087669.0
OLIVIER SEGERAL,Unknown affiliation,Verified email at uhs.edu.kh,uhs.edu.kh,705.0,14.0,17.0,https://scholar.google.com/citations?hl=en&user=1g305mgAAAAJ,0000-0002-0433-5292,found,,,5560512,Olivier Ségéral,10.0,402.0,19.0,,fixed,https://www.semanticscholar.org/author/5560512
"DARY CHHAVARATH (PhD., PharmD., MSc., BPharm.)","Lecturer-Researcher (Public Health Unit, University of Health Sciences)",Verified email at uhs.edu.kh -Homepage,uhs.edu.kh,133.0,7.0,6.0,https://scholar.google.com/citations?hl=en&user=zjgK8n0AAAAJ,0000-0003-4048-7020,,,,nan,,,,,,no_better_found,
HENG MENGHAK,Calmette Hospital,Verified email at uhs.edu.kh,uhs.edu.kh,1.0,1.0,0.0,https://scholar.google.com/citations?hl=en&user=yGbJlKsAAAAJ,0009-0009-5155-6563,found,,,,,,,,,skipped_low_hindex,
Sophal Yem,"Assoc Prof. of Oral Pathology, University of Healrh Sciences, Phnom Penh, Cambodia",Verified email at uhs.edu.kh -Homepage,uhs.edu.kh,,,,https://scholar.google.com/citations?hl=en&user=npyurTQAAAAJ,0000-0001-6991-7595,found,,,2437694547,Sophal Yem,0.0,0.0,1.0,,fixed,https://www.semanticscholar.org/author/2437694547
Leabheng BUNLY,Doctor Specialist at Preah Ang Duong Hospital,Verified email at uhs.edu.kh -Homepage,uhs.edu.kh,,,,https://scholar.google.com/citations?hl=en&user=C3GdvIMAAAAJ,0009-0000-6236-9637,found,,,2431894928,Leabheng Bunly,0.0,0.0,1.0,2026-06-07,fixed,https://www.semanticscholar.org/author/2431894928
Sela Bun,University of Health Sciences; Techo Santepheap National Hospital,Verified email at uhs.edu.kh,uhs.edu.kh,,,,https://scholar.google.com/citations?hl=en&user=76beRtoAAAAJ,0009-0006-7624-3211,found,,,2438039266,Sela Bun,0.0,0.0,1.0,2026-06-07,fixed,https://www.semanticscholar.org/author/2438039266
Sarun Horn,Researcher and Lecturer,Verified email at rua.edu.kh -Homepage,rua.edu.kh,2000.0,24.0,77.0,https://scholar.google.com/citations?hl=en&user=yEVM4i8AAAAJ,0009-0009-8775-2320,found,,,2335598083,Horn Sarun,1.0,3.0,2.0,2026-06-07,fixed,https://www.semanticscholar.org/author/2335598083
Lyda Hok,An Academic Leader and Senior Researcher (Agri-Food Systems) at Royal University of Agriculture,Verified email at rua.edu.kh -Homepage,rua.edu.kh,751.0,15.0,19.0,https://scholar.google.com/citations?hl=en&user=McB6KcgAAAAJ,0000-0003-2175-1412,found,56800815200.0,https://www.scopus.com/authid/detail.uri?authorId=56800815200,87769765.0,L. Hok,12.0,446.0,44.0,2026-06-07,skipped_close_match,https://www.semanticscholar.org/author/87769765.0
Borarin Buntong,Researcher at Royal University of Agriculture,Verified email at rua.edu.kh -Homepage,rua.edu.kh,699.0,9.0,8.0,https://scholar.google.com/citations?hl=en&user=QC4yOWYAAAAJ,0000-0002-6654-1374,found,35775079300.0,https://www.scopus.com/authid/detail.uri?authorId=35775079300,14356106,B. Buntong,6.0,368.0,37.0,2026-06-07,fixed,https://www.semanticscholar.org/author/14356106
Samkol,Researcher,Verified email at rua.edu.kh,rua.edu.kh,581.0,15.0,21.0,https://scholar.google.com/citations?hl=en&user=HVk2vigAAAAJ,0000-0002-1734-661X,found,,,3515099,P. Samkol,6.0,143.0,22.0,2026-06-07,fixed,https://www.semanticscholar.org/author/3515099
Dyna Theng,Royal University of Agriculture,Verified email at rua.edu.kh -Homepage,rua.edu.kh,393.0,8.0,7.0,https://scholar.google.com/citations?hl=en&user=DcAPPHoAAAAJ,0000-0003-1743-6583,found,,,51431924.0,D. Theng,7.0,279.0,18.0,2026-06-07,skipped_close_match,https://www.semanticscholar.org/author/51431924.0
Keo Sath,Unknown affiliation,Verified email at rua.edu.kh,rua.edu.kh,329.0,10.0,10.0,https://scholar.google.com/citations?hl=en&user=-N-SfvAAAAAJ,0000-0003-0056-647X,found,,,5588851,K. Sath,5.0,79.0,11.0,,fixed,https://www.semanticscholar.org/author/5588851
Samol Chhuoy,Lecturer and Researcher,Verified email at rua.edu.kh,rua.edu.kh,304.0,9.0,8.0,https://scholar.google.com/citations?hl=en&user=amDV9hUAAAAJ,0000-0003-3451-343X,found,,,89774565.0,Samol Chhuoy,7.0,185.0,18.0,2026-06-07,skipped_close_match,https://www.semanticscholar.org/author/89774565.0
kim Soben,Royal University of Agriculture,Verified email at rua.edu.kh -Homepage,rua.edu.kh,251.0,6.0,5.0,https://scholar.google.com/citations?hl=en&user=0KIlsIAAAAAJ,0000-0003-0146-3376,found,,,89990467.0,Kim Soben,5.0,156.0,9.0,2026-06-07,skipped_close_match,https://www.semanticscholar.org/author/89990467.0
Ro Sophoanrith,"Faculty of Agronomy, Royal University of Agriculture",Verified email at rua.edu.kh,rua.edu.kh,247.0,9.0,8.0,https://scholar.google.com/citations?hl=en&user=z0MU060AAAAJ,0000-0002-4489-7345,found,,,21686538,Sophoanrith Ro,7.0,141.0,13.0,,fixed,https://www.semanticscholar.org/author/21686538
Nareth Nut,"Faculty of Agricultural Engineering, Royal University of Agriculture",Verified email at rua.edu.kh -Homepage,rua.edu.kh,236.0,7.0,4.0,https://scholar.google.com/citations?hl=en&user=FZtE9eoAAAAJ,0000-0002-8359-6385,found,57228252500.0,https://www.scopus.com/authid/detail.uri?authorId=57228252500,108008639,N. Nut,5.0,136.0,9.0,,fixed,https://www.semanticscholar.org/author/108008639
Sras Hem,"Lecturer of Law, RULE",Verified email at rule.edu.kh -Homepage,rule.edu.kh,4.0,1.0,0.0,https://scholar.google.com/citations?hl=en&user=ckL4UFMAAAAJ,0009-0000-1435-4713,found,,,2284270914.0,S. Hem,0.0,0.0,2.0,2026-06-07,skipped_low_hindex,https://www.semanticscholar.org/author/2284270914.0
Kong Sopheak,Royal University of Law and Economics Science,Verified email at rule.edu.kh,rule.edu.kh,,,,https://scholar.google.com/citations?hl=en&user=6kfFbBcAAAAJ,0009-0001-1751-1590,found,,,108313567,Sopheak Kong,2.0,6.0,8.0,2026-06-07,fixed,https://www.semanticscholar.org/author/108313567
"Sophal Im, PhD","National University of Management, IIC University Of Technology",Verified email at num.edu.kh -Homepage,num.edu.kh,6252.0,39.0,103.0,https://scholar.google.com/citations?hl=en&user=8pWKvxQAAAAJ,0000-0001-6991-7595,found,,,nan,,,,,,no_better_found,
Dr. Md Jamirul Haque,National University of Management,Verified email at num.edu.kh -Homepage,num.edu.kh,160.0,5.0,3.0,https://scholar.google.com/citations?hl=en&user=eEh1C7IAAAAJ,0000-0003-3824-7423,found,,,nan,,,,,,no_better_found,
Tum Nhim,Senior Researcher at National University of Management,Verified email at num.edu.kh,num.edu.kh,89.0,4.0,3.0,https://scholar.google.com/citations?hl=en&user=sTpzolgAAAAJ,0000-0002-0511-4141,found,,,90709951.0,Tum Nhim,3.0,53.0,9.0,2026-06-07,skipped_close_match,https://www.semanticscholar.org/author/90709951.0
Sum Sochenda,National Polytechnic Institute of Cambodia,Verified email at num.edu.kh,num.edu.kh,22.0,2.0,1.0,https://scholar.google.com/citations?hl=en&user=WQm40-MAAAAJ,0009-0003-8791-1295,found,,,2185228730.0,Sum Sochenda,1.0,3.0,1.0,2026-06-07,skipped_close_match,https://www.semanticscholar.org/author/2185228730.0
Sreng Vichet,Assistance Professor,Verified email at num.edu.kh,num.edu.kh,,,,https://scholar.google.com/citations?hl=en&user=MFqBhr4AAAAJ,0000-0002-1331-2113,found,56013902200.0,https://www.scopus.com/authid/detail.uri?authorId=56013902200,2365117131,Vichet Sreng,0.0,0.0,2.0,2026-06-07,fixed,https://www.semanticscholar.org/author/2365117131
Cheab Sovuthy,Dean of School of Digital Engineering,Verified email at cadt.edu.kh -Homepage,cadt.edu.kh,563.0,11.0,13.0,https://scholar.google.com/citations?hl=en&user=Lx92H5gAAAAJ,0000-0002-4691-5527,found,,,31115297,S. Cheab,6.0,117.0,36.0,2026-06-07,fixed,https://www.semanticscholar.org/author/31115297
Hongly Va,"Institute of Digital Technology, CADT",Verified email at cadt.edu.kh,cadt.edu.kh,102.0,6.0,2.0,https://scholar.google.com/citations?hl=en&user=GhOZ1aUAAAAJ,0000-0001-7264-1841,found,,,2091300898.0,Hongly Va,4.0,69.0,13.0,2026-06-07,skipped_close_match,https://www.semanticscholar.org/author/2091300898.0
Ratha Yeu,Lecturer and Researcher,Verified email at cadt.edu.kh,cadt.edu.kh,46.0,2.0,1.0,https://scholar.google.com/citations?hl=en&user=5I3UsuUAAAAJ,0009-0000-2276-0826,found,,,1581045288,Yeu Ratha,1.0,30.0,1.0,,fixed,https://www.semanticscholar.org/author/1581045288
Kor Sokchea,"Researcher, Institute of Digital Technology, CADT",Verified email at cadt.edu.kh,cadt.edu.kh,37.0,3.0,2.0,https://scholar.google.com/citations?hl=en&user=17s7gy8AAAAJ,0000-0003-3889-3679,found,56386484900.0,https://www.scopus.com/authid/detail.uri?authorId=56386484900,2061512686,Sokchea Kor,2.0,12.0,3.0,2026-06-07,fixed,https://www.semanticscholar.org/author/2061512686
Bonpagna Kann,"Lecturer and Researcher, Cambodia Academy of Digital Technology, MPTC",Verified email at cadt.edu.kh,cadt.edu.kh,25.0,3.0,1.0,https://scholar.google.com/citations?hl=en&user=5cNzxOMAAAAJ,0009-0003-6727-775X,found,,,1573920743.0,B. Kann,2.0,50.0,7.0,2026-06-07,skipped_close_match,https://www.semanticscholar.org/author/1573920743.0
Sonita Te,Unknown affiliation,Verified email at cadt.edu.kh,cadt.edu.kh,14.0,1.0,1.0,https://scholar.google.com/citations?hl=en&user=WGfxX9QAAAAJ,0009-0000-6210-6781,found,,,,,,,,,skipped_low_hindex,
Sotheara Leang,Cambodia Academy of Digital Technology,Verified email at cadt.edu.kh,cadt.edu.kh,10.0,2.0,0.0,https://scholar.google.com/citations?hl=en&user=ZpEsL2wAAAAJ,0009-0005-1122-723X,found,,,2192860064.0,Sotheara Leang,1.0,4.0,4.0,2026-06-07,skipped_close_match,https://www.semanticscholar.org/author/2192860064.0
Saly KEO,Cambodia Academy of Digital Technology (CADT),Verified email at cadt.edu.kh,cadt.edu.kh,10.0,2.0,0.0,https://scholar.google.com/citations?hl=en&user=78TuKksAAAAJ,0009-0000-9878-4015,found,,,150299627,Saly Keo,2.0,4.0,4.0,,fixed,https://www.semanticscholar.org/author/150299627
Rottana Ly,Cambodia Academy of Digital Technology,Verified email at cadt.edu.kh,cadt.edu.kh,2.0,1.0,0.0,https://scholar.google.com/citations?hl=en&user=u3Kq9u0AAAAJ,0009-0004-8061-9774,found,,,2363740306.0,Ly Rottana,1.0,1.0,1.0,2026-06-07,skipped_low_hindex,https://www.semanticscholar.org/author/2363740306.0
Phannet Pov,Cambodia Academy of Digital Technology,Verified email at cadt.edu.kh -Homepage,cadt.edu.kh,,,,https://scholar.google.com/citations?hl=en&user=IyhoUPwAAAAJ,0009-0003-1240-1215,found,,,2398461626,Phannet Pov,0.0,0.0,2.0,2026-06-07,fixed,https://www.semanticscholar.org/author/2398461626
Pahlaj Moolio,"Paragon International University, Cambodia",Verified email at paragoniu.edu.kh,paragoniu.edu.kh,564.0,13.0,15.0,https://scholar.google.com/citations?hl=en&user=DZKs2uQAAAAJ,0009-0004-2189-9446,found,,,77258920,Pahlaj Moolio,9.0,196.0,21.0,,fixed,https://www.semanticscholar.org/author/77258920
Kashif Hasan Khan,"Department of Economics, Paragon International University, Phnom Penh, Cambodia",Verified email at paragoniu.edu.kh -Homepage,paragoniu.edu.kh,437.0,11.0,15.0,https://scholar.google.com/citations?hl=en&user=h5tlO-UAAAAJ,0000-0003-0838-3176,found,57679534500.0,https://www.scopus.com/authid/detail.uri?authorId=57679534500,2221393456,Kashif Hasan Khan,6.0,109.0,20.0,2026-06-07,fixed,https://www.semanticscholar.org/author/2221393456
Meirambek Zhaparov,Professor,Verified email at paragoniu.edu.kh -Homepage,paragoniu.edu.kh,359.0,10.0,10.0,https://scholar.google.com/citations?hl=en&user=7ZInV2kAAAAJ,0000-0002-2286-792X,found,,,9396913,Meirambek Zhaparov,6.0,106.0,19.0,2026-06-07,fixed,https://www.semanticscholar.org/author/9396913
Nurmurat Kandymov,Paragon International University,Verified email at paragoniu.edu.kh,paragoniu.edu.kh,306.0,7.0,5.0,https://scholar.google.com/citations?hl=en&user=8u5nHPoAAAAJ,0000-0001-7959-5948,found,,,100607529,Nurmurat Kandymov,6.0,188.0,10.0,,fixed,https://www.semanticscholar.org/author/100607529
Ruslan Isaev,"Paragon International University, Faculty of Information and Computer Technologies",Verified email at paragoniu.edu.kh,paragoniu.edu.kh,165.0,8.0,5.0,https://scholar.google.com/citations?hl=en&user=RKnkl-cAAAAJ,0000-0003-4426-8837,found,36630395400.0,https://www.scopus.com/authid/detail.uri?authorId=36630395400,71682691.0,R. Isaev,6.0,109.0,23.0,2026-06-07,skipped_close_match,https://www.semanticscholar.org/author/71682691.0
"Sok Udom DETH, Ph.D","Professor of International Relations, Paragon International University",Verified email at paragoniu.edu.kh -Homepage,paragoniu.edu.kh,153.0,8.0,8.0,https://scholar.google.com/citations?hl=en&user=BSlBKYwAAAAJ,0000-0002-3034-8759,found,,,nan,,,,,,no_better_found,
Mengleang Lay,"Dean of Engineering Faculty, Paragon International University",Verified email at paragoniu.edu.kh,paragoniu.edu.kh,153.0,1.0,1.0,https://scholar.google.com/citations?hl=en&user=rCQasyQAAAAJ,0000-0001-6837-9668,found,,,,,,,,,skipped_low_hindex,
Haksrun Lao,"Lecturer & Academic Affairs Coordinator, Paragon International University, Cambodia",Verified email at paragoniu.edu.kh -Homepage,paragoniu.edu.kh,45.0,4.0,3.0,https://scholar.google.com/citations?hl=en&user=zzyWb6sAAAAJ,0009-0007-5670-5463,found,57237010100.0,https://www.scopus.com/authid/detail.uri?authorId=57237010100,2123357440,Haksrun Lao,4.0,36.0,6.0,,fixed,https://www.semanticscholar.org/author/2123357440
Sodiq Akinsanya,Paragon International University,Verified email at paragoniu.edu.kh,paragoniu.edu.kh,34.0,1.0,1.0,https://scholar.google.com/citations?hl=en&user=8opNnfgAAAAJ,0009-0008-5584-1313,found,,,,,,,,,skipped_low_hindex,
Renz E. Ferrera,Paragon International University,Verified email at paragoniu.edu.kh -Homepage,paragoniu.edu.kh,33.0,3.0,2.0,https://scholar.google.com/citations?hl=en&user=Oq6d5ZMAAAAJ,0000-0003-2231-2673,found,,,2289324736.0,Renz E. Ferrera,2.0,14.0,3.0,2026-06-07,skipped_close_match,https://www.semanticscholar.org/author/2289324736.0
Dr. Shad Ahmad Khan,American University of Phnom Penh,Verified email at aupp.edu.kh -Homepage,aupp.edu.kh,1231.0,21.0,44.0,https://scholar.google.com/citations?hl=en&user=LwILZtsAAAAJ,0000-0001-7593-3487,found,57211807300.0,https://www.scopus.com/authid/detail.uri?authorId=57211807300,2351294241,Dr. Shad Ahmad Khan,1.0,2.0,3.0,2026-06-07,fixed,https://www.semanticscholar.org/author/2351294241
DR.P.MUTHUKUMARAN,Associate Professor  & AP Biology  Faculty,Verified email at aupp.edu.kh -Homepage,aupp.edu.kh,746.0,15.0,20.0,https://scholar.google.com/citations?hl=en&user=nMaZ1iIAAAAJ,,found,,,nan,,,,,,no_better_found,
"Prohim Tam, PhD","Faculty of Digital Technologies, American University of Phnom Penh",Verified email at aupp.edu.kh -Homepage,aupp.edu.kh,615.0,13.0,16.0,https://scholar.google.com/citations?hl=en&user=asu3fhUAAAAJ,0000-0002-3842-7689,found,57218766016.0,https://www.scopus.com/authid/detail.uri?authorId=57218766016,nan,,,,,,no_better_found,
Panha Vorng,"Specialisation in Law and Court, University of Cambodia",Verified email at aupp.edu.kh -Homepage,aupp.edu.kh,409.0,10.0,12.0,https://scholar.google.com/citations?hl=en&user=FUOTQgQAAAAJ,0009-0001-3144-665X,found,,,2327257775,Panha Vorng,0.0,0.0,1.0,2026-06-07,fixed,https://www.semanticscholar.org/author/2327257775
Sovannara UK,American University of Phnom Penh,Verified email at aupp.edu.kh,aupp.edu.kh,396.0,10.0,10.0,https://scholar.google.com/citations?hl=en&user=PCI8WqUAAAAJ,0000-0003-1485-2952,found,56288760900.0,https://www.scopus.com/authid/detail.uri?authorId=56288760900,50408139,Sovannara Uk,6.0,215.0,15.0,2026-06-07,fixed,https://www.semanticscholar.org/author/50408139
Aleksei Gudkov,"Professor, AUPP",Verified email at aupp.edu.kh -Homepage,aupp.edu.kh,172.0,5.0,4.0,https://scholar.google.com/citations?hl=en&user=ZiQyStAAAAAJ,0000-0002-5284-7102,found,,,22215643,A. Gudkov,2.0,24.0,16.0,2026-06-07,fixed,https://www.semanticscholar.org/author/22215643
Kuntha Pin,Lecturer and Researcher,Verified email at aupp.edu.kh,aupp.edu.kh,170.0,7.0,5.0,https://scholar.google.com/citations?hl=en&user=DThvUc4AAAAJ,0000-0002-6033-776X,found,,,2114850565,Kuntha Pin,4.0,98.0,7.0,,fixed,https://www.semanticscholar.org/author/2114850565
DINESH ELANGO,American University of Phnom Penh,Verified email at aupp.edu.kh -Homepage,aupp.edu.kh,156.0,7.0,4.0,https://scholar.google.com/citations?hl=en&user=dJiJtOwAAAAJ,0000-0002-1223-5056,found,57222626409.0,https://www.scopus.com/authid/detail.uri?authorId=57222626409,72998736,Dinesh Elango,2.0,21.0,11.0,,fixed,https://www.semanticscholar.org/author/72998736
Yu sing ong,American University of Phnom Penh,Verified email at aupp.edu.kh -Homepage,aupp.edu.kh,114.0,6.0,5.0,https://scholar.google.com/citations?hl=en&user=UE-1lxoAAAAJ,0000-0002-3099-868X,found,,,108308416,Yu Sing Ong,3.0,18.0,15.0,,fixed,https://www.semanticscholar.org/author/108308416
Sina Pang,"Dean of Institute of Technical and Professional Training (ITPT), The University of Cambodia",Verified email at uc.edu.kh -Homepage,uc.edu.kh,127.0,6.0,5.0,https://scholar.google.com/citations?hl=en&user=4M0hhk0AAAAJ,0000-0002-0285-1699,found,,,2195977969,Sina Pang,4.0,36.0,5.0,,fixed,https://www.semanticscholar.org/author/2195977969
Vathanak Chet,The University of Cambodia,Verified email at uc.edu.kh,uc.edu.kh,17.0,2.0,1.0,https://scholar.google.com/citations?hl=en&user=xJy_NJgAAAAJ,0000-0001-8805-1117,found,,,2135129221.0,Chet Vathanak,1.0,6.0,1.0,2026-06-07,skipped_close_match,https://www.semanticscholar.org/author/2135129221.0
Kroeun Kruy,Researcher for Cambodia Primary Teacher Training Center and Lecturer at University of Cambodia,Verified email at student.uc.edu.kh -Homepage,uc.edu.kh,11.0,2.0,0.0,https://scholar.google.com/citations?hl=en&user=xldBB_0AAAAJ,0009-0003-8162-6020,found,,,2260533734.0,Kruy Kroeun,1.0,1.0,2.0,2026-06-07,skipped_close_match,https://www.semanticscholar.org/author/2260533734.0
Sanhei Nhor,"Lecturer, The University of Cambodia",Verified email at uc.edu.kh -Homepage,uc.edu.kh,4.0,1.0,0.0,https://scholar.google.com/citations?hl=en&user=AQAMujIAAAAJ,0000-0001-6683-7987,found,,,,,,,,,skipped_low_hindex,
"Md Nadim Aktar, PhD","Lecturer of International Relations, The University of Cambodia",Verified email at uc.edu.kh,uc.edu.kh,3.0,1.0,0.0,https://scholar.google.com/citations?hl=en&user=Vr5hzl0AAAAJ,0000-0001-8678-1079,found,,,,,,,,,skipped_low_hindex,
Sovannara Si,Graduate Student at The University of Cambodia,Verified email at uc.edu.kh,uc.edu.kh,2.0,1.0,0.0,https://scholar.google.com/citations?hl=en&user=jrVrH2kAAAAJ,0000-0002-6938-3105,found,58902832400.0,https://www.scopus.com/authid/detail.uri?authorId=58902832400,2232234542.0,Sovannara Si,1.0,2.0,1.0,2026-06-07,skipped_low_hindex,https://www.semanticscholar.org/author/2232234542.0
Chhaihong Kor,The University of Cambodia,Verified email at uc.edu.kh,uc.edu.kh,,,,https://scholar.google.com/citations?hl=en&user=xUOuk1gAAAAJ,0009-0007-5999-0466,found,,,2364176806,Chhaihong Kor,0.0,0.0,2.0,,fixed,https://www.semanticscholar.org/author/2364176806
Kimkong Heng,Paññāsāstra University of Cambodia,Verified email at puc.edu.kh -Homepage,puc.edu.kh,3272.0,26.0,60.0,https://scholar.google.com/citations?hl=en&user=qrYZkg4AAAAJ,0000-0003-0884-4788,found,57219284385.0,https://www.scopus.com/authid/detail.uri?authorId=57219284385,31443913,Kimkong Heng,9.0,726.0,38.0,2026-06-07,fixed,https://www.semanticscholar.org/author/31443913
Koemhong Sol,Paññāsāstra University of Cambodia,Verified email at puc.edu.kh,puc.edu.kh,958.0,14.0,18.0,https://scholar.google.com/citations?hl=en&user=mD_vqdgAAAAJ,0000-0002-1316-929X,found,,,2092467825,Koemhong Sol,6.0,208.0,15.0,,fixed,https://www.semanticscholar.org/author/2092467825
Meas Nearyroth,Professor,Verified email at puc.edu.kh,puc.edu.kh,11.0,1.0,1.0,https://scholar.google.com/citations?hl=en&user=Dv5bnF0AAAAJ,0000-0002-9324-9168,found,57210149080.0,https://www.scopus.com/authid/detail.uri?authorId=57210149080,,,,,,,skipped_low_hindex,
Dr. Vanna Nourn,"Vice Dean of faculty of Education, Arts, and Humanities",Verified email at puc.edu.kh,puc.edu.kh,3.0,1.0,0.0,https://scholar.google.com/citations?hl=en&user=k_WlkPoAAAAJ,0009-0005-5327-9230,found,,,,,,,,,skipped_low_hindex,
Horn Ken,Paññāsāstra University of Cambodia,Verified email at puc.edu.kh -Homepage,puc.edu.kh,,,,https://scholar.google.com/citations?hl=en&user=EjxQ1zsAAAAJ,0000-0002-1970-9154,found,,,118377486,K. Van Horn,12.0,500.0,20.0,2026-06-07,fixed,https://www.semanticscholar.org/author/118377486
Thou Pol,Paññāsāstra University of Cambodia,Verified email at puc.edu.kh -Homepage,puc.edu.kh,,,,https://scholar.google.com/citations?hl=en&user=WkcBw7EAAAAJ,0009-0002-7864-1652,found,,,2351388977,Thou Pol,0.0,0.0,1.0,,fixed,https://www.semanticscholar.org/author/2351388977
Sokha Norng,ACLEDA University of Business,Verified email at acleda-aib.edu.kh -Homepage,aib.edu.kh,82.0,4.0,2.0,https://scholar.google.com/citations?hl=en&user=I3QDthQAAAAJ,0000-0001-7785-6008,found,58133177300.0,https://www.scopus.com/authid/detail.uri?authorId=58133177300,2217002900.0,Sokha Norng,3.0,24.0,7.0,2026-06-07,skipped_close_match,https://www.semanticscholar.org/author/2217002900.0
