name,affiliation,email,domain,citations_scholar,hindex_scholar,i10_scholar,profile_scholar,orcid,scopus_status,scopus_id,scopus_url
Sopha Soeung,National Institute of Education,Verified email at nie.edu.kh,nie.edu.kh,0.0,0.0,0.0,https://scholar.google.com/citations?hl=en&user=9PwEPscAAAAJ,0000-0003-0569-3021,found,57219198544,https://www.scopus.com/authid/detail.uri?authorId=57219198544
Savrin THY,"Doctor of Education, National Institute of Education (NIE), Cambodia",Verified email at nie.edu.kh,nie.edu.kh,0.0,0.0,0.0,https://scholar.google.com/citations?hl=en&user=uSEWd2EAAAAJ,0000-0002-5826-5170,found,,
Vutheavy Chim,"National Institute of Education, Cambodia",Verified email at nie.edu.kh,nie.edu.kh,0.0,0.0,0.0,https://scholar.google.com/citations?hl=en&user=PEUvlEoAAAAJ,0009-0000-6400-4930,found,,
Ngoeurn,MA,Verified email at nie.edu.kh,nie.edu.kh,0.0,0.0,0.0,https://scholar.google.com/citations?hl=en&user=3EhvL_8AAAAJ,0009-0006-7406-3145,found,,
Rany im,"Graduate School of Education, Aichi University of Education",Verified email at nie.edu.kh,nie.edu.kh,0.0,0.0,0.0,https://scholar.google.com/citations?hl=en&user=R83b3dIAAAAJ,0000-0002-0703-7151,found,,
Chanponna Chea,"Doctor of Philosophy in Education, Hiroshima University, Japan",Verified email at nie.edu.kh - Homepage,nie.edu.kh,0.0,0.0,0.0,https://scholar.google.com/citations?hl=en&user=FuzFGI0AAAAJ,0000-0001-8284-1660,found,59397401600,https://www.scopus.com/authid/detail.uri?authorId=59397401600
Sieng Veasna,"Deputy director of Graduate School, National Institute of Education (NIE), Cambodia.",Verified email at nie.edu.kh - Homepage,nie.edu.kh,0.0,0.0,0.0,https://scholar.google.com/citations?hl=en&user=T-tTZAoAAAAJ,0000-0003-0733-8701,found,,
Somara Sun,"Training Coordinator, New Generation Pedagogical Research Center, National Institute of Education",Verified email at nie.edu.kh,nie.edu.kh,0.0,0.0,0.0,https://scholar.google.com/citations?hl=en&user=Wojz0MMAAAAJ,0000-0002-9466-614X,found,,
Robraw Ann,"Vice-Dean, Institut National de l'Education",Verified email at nie.edu.kh,nie.edu.kh,0.0,0.0,0.0,https://scholar.google.com/citations?hl=en&user=fBM_BCoAAAAJ,0009-0007-7898-3560,found,,
Sokchea Ly,National Institute of Education,Verified email at nie.edu.kh,nie.edu.kh,0.0,0.0,0.0,https://scholar.google.com/citations?hl=en&user=djlI_lUAAAAJ,0009-0004-9014-5541,found,,
Keun Im,"Researcher, Academic Supervisor, and IELTS trainer for postgraduate scholars",Verified email at nie.edu.kh,nie.edu.kh,0.0,0.0,0.0,https://scholar.google.com/citations?hl=en&user=I9Of67EAAAAJ,0009-0007-0148-9601,found,,
Huy Hang,"Ph.D. Research Scholar, University of Calcutta",Verified email at nie.edu.kh,nie.edu.kh,0.0,0.0,0.0,https://scholar.google.com/citations?hl=en&user=GkYG2CMAAAAJ,0000-0001-7928-3418,found,,
Leang So Khuong,National Polytechnic Institute of Cambodia,Verified email at npic.edu.kh - Homepage,npic.edu.kh,0.0,0.0,0.0,https://scholar.google.com/citations?hl=en&user=PNquJjkAAAAJ,0000-0002-3003-5058,found,,
SAR SARY,Senior Lecturer of National Polytechnic Institute of Cambodia,Verified email at npic.edu.kh - Homepage,npic.edu.kh,0.0,0.0,0.0,https://scholar.google.com/citations?hl=en&user=KuX3qM4AAAAJ,0000-0003-2301-8089,found,57208127676,https://www.scopus.com/authid/detail.uri?authorId=57208127676
Chivon Choeung,"Lecturer & Researcher, National Polytechnic Institute of Cambodia",Verified email at npic.edu.kh - Homepage,npic.edu.kh,0.0,0.0,0.0,https://scholar.google.com/citations?hl=en&user=LxeaO3oAAAAJ,0000-0003-2874-6202,found,57192099788,https://www.scopus.com/authid/detail.uri?authorId=57192099788
Heng Tang,"Lecturer, National Polytechnic Institute of Cambodia",Verified email at npic.edu.kh,npic.edu.kh,0.0,0.0,0.0,https://scholar.google.com/citations?hl=en&user=Jcl8V6UAAAAJ,0000-0002-9676-8019,found,36671317600,https://www.scopus.com/authid/detail.uri?authorId=36671317600
Panha Soth,"Lecturer, National Polytechnic Institue of Cambodia",Verified email at npic.edu.kh,npic.edu.kh,0.0,0.0,0.0,https://scholar.google.com/citations?hl=en&user=Ldc7Nn8AAAAJ,0000-0002-6110-3463,found,58035948000,https://www.scopus.com/authid/detail.uri?authorId=58035948000
"Phanam Pech, Ph.D.","Contract Professor, National Polytechnic Institute of Cambodia",Verified email at npic.edu.kh - Homepage,npic.edu.kh,0.0,0.0,0.0,https://scholar.google.com/citations?hl=en&user=FQ5sSXQAAAAJ,0000-0002-1443-5086,found,57205379262,https://www.scopus.com/authid/detail.uri?authorId=57205379262
Oum Saokosal,"Chief of Faculty of Computer Science, National Polytechnic Institute of Cambodia",Verified email at npic.edu.kh,npic.edu.kh,0.0,0.0,0.0,https://scholar.google.com/citations?hl=en&user=xVCwYQ4AAAAJ,0000-0002-8975-7119,found,,
sovann ang,"Lecturer of electrical engineering, National Polytechnic Institute of Cambodia",Verified email at npic.edu.kh,npic.edu.kh,0.0,0.0,0.0,https://scholar.google.com/citations?hl=en&user=q6P9J_MAAAAJ,0000-0003-1595-0511,found,57203867512,https://www.scopus.com/authid/detail.uri?authorId=57203867512
Channareth Srun,National Polytechnic Institute of Cambodia,Verified email at npic.edu.kh - Homepage,npic.edu.kh,0.0,0.0,0.0,https://scholar.google.com/citations?hl=en&user=s3wcBcsAAAAJ,0000-0001-8042-808X,found,,
SEVEN SIREN,"Electronic and Telecommunication, NPIC",Verified email at npic.edu.kh,npic.edu.kh,0.0,0.0,0.0,https://scholar.google.com/citations?hl=en&user=UKtVp5MAAAAJ,0000-0001-6337-8201,found,,
Socheat YAY,"Faculty of Electricity, National Polytechnic Institute of Cambodia",Verified email at npic.edu.kh,npic.edu.kh,0.0,0.0,0.0,https://scholar.google.com/citations?hl=en&user=fdJIykYAAAAJ,0009-0004-3479-5785,found,,
UN Sokoeun,Institute of Technology of Cambodia (ITC),Verified email at npic.edu.kh - Homepage,npic.edu.kh,0.0,0.0,0.0,https://scholar.google.com/citations?hl=en&user=qfezglkAAAAJ,0000-0003-4920-8606,found,,
Sokun Ieng,"Lecturer of Electrical Engineering, National Polytechnic Institute of Cambodia",Verified email at npic.edu.kh,npic.edu.kh,0.0,0.0,0.0,https://scholar.google.com/citations?hl=en&user=0PRsC7YAAAAJ,0000-0002-2983-715X,found,,
Sokna San,"Instructor of Electricity, National Polytechnic Institute of Cambodia",Verified email at npic.edu.kh,npic.edu.kh,0.0,0.0,0.0,https://scholar.google.com/citations?hl=en&user=fC5rUXUAAAAJ,0009-0007-2605-5164,found,58352598300,https://www.scopus.com/authid/detail.uri?authorId=58352598300
Bunne So,Lecturer,Verified email at npic.edu.kh,npic.edu.kh,0.0,0.0,0.0,https://scholar.google.com/citations?hl=en&user=wh0uVTwAAAAJ,0009-0009-7944-7705,found,,
Tan Hor,"Institut Teknologi Sepuluh Nopember, National Polytechnic Institute of Cambodia (NPIC)",Verified email at npic.edu.kh - Homepage,npic.edu.kh,0.0,0.0,0.0,https://scholar.google.com/citations?hl=en&user=Mh1hm-4AAAAJ,0000-0001-8325-0563,found,,
Sokvan In,Lecturer,Verified email at npic.edu.kh,npic.edu.kh,0.0,0.0,0.0,https://scholar.google.com/citations?hl=en&user=RmwKr3gAAAAJ,0009-0002-3876-6485,found,,
Sros Nhek,National Polytechnic Institute of Cambodia,Verified email at npic.edu.kh,npic.edu.kh,0.0,0.0,0.0,https://scholar.google.com/citations?hl=en&user=RF_TZ7AAAAAJ,0000-0003-1581-9097,found,58127420200,https://www.scopus.com/authid/detail.uri?authorId=58127420200
srey sophyn,"Lecturer, National Polytechnic Institute of Cambodia",Verified email at npic.edu.kh - Homepage,npic.edu.kh,0.0,0.0,0.0,https://scholar.google.com/citations?hl=en&user=NIi41yAAAAAJ,0009-0001-9822-172X,found,,
Khoem sambath,"Lecture of Computer Science, National Polytechnic Institute of Cambodia",Verified email at npic.edu.kh - Homepage,npic.edu.kh,0.0,0.0,0.0,https://scholar.google.com/citations?hl=en&user=ifqzn6fhPtYC,0009-0000-1644-1407,found,,
Kakada Sovan,"Lecturer, National Polytechnic Institute of Cambodia",Verified email at npic.edu.kh,npic.edu.kh,0.0,0.0,0.0,https://scholar.google.com/citations?hl=en&user=C1lqUi0AAAAJ,0000-0002-8627-5317,found,,
Soeng Saban,"Lecturer, National Polytechnic Institute of Cambodia",Verified email at npic.edu.kh,npic.edu.kh,0.0,0.0,0.0,https://scholar.google.com/citations?hl=en&user=Pbr41IUAAAAJ,0009-0007-8507-092X,found,,
DARA SENG HUO,"Professor of Construction, National Polytechnic Institute of Cambodia",Verified email at npic.edu.kh - Homepage,npic.edu.kh,0.0,0.0,0.0,https://scholar.google.com/citations?hl=en&user=rJXN6sMAAAAJ,0009-0000-7529-8030,found,,
Sophea Nam,"Faculty of Electricity, National Polytechnic Institute of Cambodia",Verified email at npic.edu.kh,npic.edu.kh,0.0,0.0,0.0,https://scholar.google.com/citations?hl=en&user=pR4FxiEAAAAJ,0009-0001-2773-7358,found,,
Born Chhaytep,"Lecturer of Electrical, National Polytechnic Institute of Cambodia.",Verified email at npic.edu.kh,npic.edu.kh,0.0,0.0,0.0,https://scholar.google.com/citations?hl=en&user=TiRmqUEAAAAJ,0009-0000-9478-0367,found,,
Hut Sovannarith,National Polytechnic Institute of Cambodia,Verified email at npic.edu.kh - Homepage,npic.edu.kh,0.0,0.0,0.0,https://scholar.google.com/citations?hl=en&user=vO2fqpQAAAAJ,0000-0001-5223-945X,found,,
Mengseu Pheng,"Undergraduate Researcher, National Polytechnic Institute of Cambodia",Verified email at npic.edu.kh - Homepage,npic.edu.kh,0.0,0.0,0.0,https://scholar.google.com/citations?hl=en&user=7h0zeukAAAAJ,0009-0004-0521-8153,found,,
SOK Piseth,"Professor of Computer Science, NPIC Cambodia",Verified email at npic.edu.kh - Homepage,npic.edu.kh,0.0,0.0,0.0,https://scholar.google.com/citations?hl=en&user=MqELRB0AAAAJ,0009-0001-3568-0734,found,,
Lim Lorn,Unknown affiliation,Verified email at npic.edu.kh,npic.edu.kh,0.0,0.0,0.0,https://scholar.google.com/citations?hl=en&user=8NWypKcAAAAJ,0000-0002-6378-1233,found,,
Pao SREAN,National University of Battambang,Verified email at nubb.edu.kh - Homepage,nubb.edu.kh,0.0,0.0,0.0,https://scholar.google.com/citations?hl=en&user=6USZ3JMAAAAJ,0000-0003-2330-9660,found,56345918000,https://www.scopus.com/authid/detail.uri?authorId=56345918000
"Rany Sam, PhD","Vice-Rector of National University of Battambang (NUBB), Cambodia",Verified email at nubb.edu.kh - Homepage,nubb.edu.kh,0.0,0.0,0.0,https://scholar.google.com/citations?hl=en&user=I70xug4AAAAJ,0000-0001-8639-7173,found,,
Chan HUM,"Graduate School, National University of Battambang",Verified email at nubb.edu.kh,nubb.edu.kh,0.0,0.0,0.0,https://scholar.google.com/citations?hl=en&user=z68fAU8AAAAJ,0000-0002-9732-361X,found,,
Morin Tieng,Vice Rector,Verified email at nubb.edu.kh,nubb.edu.kh,0.0,0.0,0.0,https://scholar.google.com/citations?hl=en&user=yK3_9BsAAAAJ,0009-0000-1564-3381,found,,
Ry Hour,National University of Battambang (NUBB),Verified email at nubb.edu.kh,nubb.edu.kh,0.0,0.0,0.0,https://scholar.google.com/citations?hl=en&user=qmWFGBMAAAAJ,0009-0002-6488-4370,found,,
Ratha Rien,"Lecturer, Department of Agriculture, Faculty of Agriculture and Food Processing",Verified email at nubb.edu.kh,nubb.edu.kh,0.0,0.0,0.0,https://scholar.google.com/citations?hl=en&user=N68d5PEAAAAJ,0009-0001-6932-5861,found,,
Kheuy Sinoeurn,"PhD candidate, National University of Battambang,Cambodia, and Scholarship PhD,Unifg,Italy",Verified email at nubb.edu.kh,nubb.edu.kh,0.0,0.0,0.0,https://scholar.google.com/citations?hl=en&user=KQz8DaUAAAAJ,0009-0000-2828-7435,found,59959016700,https://www.scopus.com/authid/detail.uri?authorId=59959016700
Sarith Chiv,Vice-rector,Verified email at nubb.edu.kh - Homepage,nubb.edu.kh,0.0,0.0,0.0,https://scholar.google.com/citations?hl=en&user=_DJvTV4AAAAJ,0009-0000-0239-5307,found,,
Hoeurn Sokha,National University of  Battambang,Verified email at nubb.edu.kh - Homepage,nubb.edu.kh,0.0,0.0,0.0,https://scholar.google.com/citations?hl=en&user=cDBerjoAAAAJ,0009-0003-2210-1566,found,,
khin sophary,"Lecture, Faculty of Agriculture and Food processing, National University of Battambang",Verified email at nubb.edu.kh,nubb.edu.kh,0.0,0.0,0.0,https://scholar.google.com/citations?hl=en&user=PpF2xOcAAAAJ,0009-0007-9729-7558,found,,
LY Sovann,National University of Battambang,Verified email at nubb.edu.kh - Homepage,nubb.edu.kh,0.0,0.0,0.0,https://scholar.google.com/citations?hl=en&user=srInttwAAAAJ,0000-0003-3733-9975,found,,
Chhor Chang,National University of Battambang,Verified email at nubb.edu.kh - Homepage,nubb.edu.kh,0.0,0.0,0.0,https://scholar.google.com/citations?hl=en&user=LKTtJp0AAAAJ,0009-0006-5891-5934,found,,
Rasmeikhema Norng,National University of Battambang,Verified email at nubb.edu.kh - Homepage,nubb.edu.kh,0.0,0.0,0.0,https://scholar.google.com/citations?hl=en&user=xZmOR3oAAAAJ,0009-0003-0131-313X,found,,
Soeurn Chenda,"Head of Department of Tourism, The faculty of Business Administration and Tourism, The National",Verified email at nubb.edu.kh,nubb.edu.kh,0.0,0.0,0.0,https://scholar.google.com/citations?hl=en&user=hcQiey4AAAAJ,0009-0005-7080-4703,found,,
Voithna Nhean,National University of Battambang,Verified email at nubb.edu.kh - Homepage,nubb.edu.kh,0.0,0.0,0.0,https://scholar.google.com/citations?hl=en&user=FowQPIcAAAAJ,0009-0008-7235-8876,found,,
Eng Titya,National University of Battambang,Verified email at nubb.edu.kh,nubb.edu.kh,0.0,0.0,0.0,https://scholar.google.com/citations?hl=en&user=H6C5APsAAAAJ,0009-0007-7208-3684,found,,
Thay Sovannpitou,"PhD student, National University of Battambang",Verified email at nubb.edu.kh,nubb.edu.kh,0.0,0.0,0.0,https://scholar.google.com/citations?hl=en&user=svkasM4AAAAJ,0009-0009-5496-2794,found,,
Phearom YEA,"Head of the personnel office, National University of Battambang",Verified email at nubb.edu.kh - Homepage,nubb.edu.kh,0.0,0.0,0.0,https://scholar.google.com/citations?hl=en&user=urdSsmUAAAAJ,0009-0006-0959-4396,found,,
Morm Sophany,"Vice-Dean of the Faculty of Agriculture and Food Processing, National University of Battambang",Verified email at nubb.edu.kh - Homepage,nubb.edu.kh,0.0,0.0,0.0,https://scholar.google.com/citations?hl=en&user=Y4_SoNgAAAAJ,0009-0006-4693-1128,found,58149498600,https://www.scopus.com/authid/detail.uri?authorId=58149498600
Ron Seihak,Student,Verified email at nubb.edu.kh,nubb.edu.kh,0.0,0.0,0.0,https://scholar.google.com/citations?hl=en&user=nq5CudoAAAAJ,0009-0000-4853-2119,found,,
Sopharath KHEAV,Master degree student of National University of Battambang,Verified email at nubb.edu.kh - Homepage,nubb.edu.kh,0.0,0.0,0.0,https://scholar.google.com/citations?hl=en&user=6wQQ3I0AAAAJ,0009-0006-1283-6843,found,,
Hoeurng Heak,Graduate student of National University of Battambang,Verified email at nubb.edu.kh,nubb.edu.kh,0.0,0.0,0.0,https://scholar.google.com/citations?hl=en&user=Sh7l-VQAAAAJ,0009-0007-9745-2183,found,,
Sreynget LO,"Lecturer, National University of Battambang",Verified email at nubb.edu.kh,nubb.edu.kh,0.0,0.0,0.0,https://scholar.google.com/citations?hl=en&user=saZveYwAAAAJ,0009-0006-0154-9523,found,58246778400,https://www.scopus.com/authid/detail.uri?authorId=58246778400
sothea rien,"Lecturer, National University of Battambang",Verified email at nubb.edu.kh,nubb.edu.kh,0.0,0.0,0.0,https://scholar.google.com/citations?hl=en&user=tBCyNeMAAAAJ,0000-0002-8810-6744,found,,
Sek Vimon,National University of Battambang,Verified email at nubb.edu.kh - Homepage,nubb.edu.kh,0.0,0.0,0.0,https://scholar.google.com/citations?hl=en&user=U8oDAM0AAAAJ,0009-0005-0002-7283,found,,
sovanna seav,National University of Battambang,Verified email at nubb.edu.kh - Homepage,nubb.edu.kh,0.0,0.0,0.0,https://scholar.google.com/citations?hl=en&user=qheY7h4AAAAJ,0000-0001-7014-6601,found,,
Bonsak Yoeum,National University of Battambang,Verified email at nubb.edu.kh,nubb.edu.kh,0.0,0.0,0.0,https://scholar.google.com/citations?hl=en&user=Z-FrlHwAAAAJ,0009-0006-6266-6635,found,,
No Sinath,Head of Civil Engineering Department,Verified email at nubb.edu.kh,nubb.edu.kh,0.0,0.0,0.0,https://scholar.google.com/citations?hl=en&user=1po82aEAAAAJ,0009-0001-1644-8702,found,60236166700,https://www.scopus.com/authid/detail.uri?authorId=60236166700
KOEM Kim,"Head of Community Dev.,Faculty of Sociology and Rural Development, National University of Battambang",Verified email at nubb.edu.kh,nubb.edu.kh,0.0,0.0,0.0,https://scholar.google.com/citations?hl=en&user=XgwAahMAAAAJ,0000-0002-9243-7212,found,57200088470,https://www.scopus.com/authid/detail.uri?authorId=57200088470
Ratha CHEY,"Vice Dean of Graduate School of National University of Battambang, Cambodia",Verified email at nubb.edu.kh,nubb.edu.kh,0.0,0.0,0.0,https://scholar.google.com/citations?hl=en&user=N_TXZZgAAAAJ,0009-0001-7246-6278,found,,
Sopheaktra Hien,"Graduate School, National University of Battambang",Verified email at nubb.edu.kh - Homepage,nubb.edu.kh,0.0,0.0,0.0,https://scholar.google.com/citations?hl=en&user=-wRXwZUAAAAJ,0009-0002-9490-9970,found,,
Vuthea DA,National University of Battambang (NUBB),Verified email at nubb.edu.kh - Homepage,nubb.edu.kh,0.0,0.0,0.0,https://scholar.google.com/citations?hl=en&user=WdQBzB4AAAAJ,0009-0003-3185-0999,found,,
Em Chenda,Professor- Director of French Department,Verified email at nubb.edu.kh - Homepage,nubb.edu.kh,0.0,0.0,0.0,https://scholar.google.com/citations?hl=en&user=CaoiZcMAAAAJ,0009-0007-0524-5911,found,,
Rachana Thav,National University of Battambang,Verified email at nubb.edu.kh,nubb.edu.kh,0.0,0.0,0.0,https://scholar.google.com/citations?hl=en&user=nS7YlgwAAAAJ,0009-0001-1321-4492,found,,
Sothy Khieng,"President, Cambodia University of Technology and Science",Verified email at camtech.edu.kh - Homepage,camtech.edu.kh,0.0,0.0,0.0,https://scholar.google.com/citations?hl=en&user=pJO_MbcAAAAJ,0000-0002-4585-5112,found,,
Monireach Tang,Cambodia University of Technology and Science,Verified email at camtech.edu.kh - Homepage,camtech.edu.kh,0.0,0.0,0.0,https://scholar.google.com/citations?hl=en&user=rNFADsoAAAAJ,0000-0003-1772-7145,found,,
May Thu,Cambodia University of Technology and Science,Verified email at camtech.edu.kh - Homepage,camtech.edu.kh,0.0,0.0,0.0,https://scholar.google.com/citations?hl=en&user=mPuhirYAAAAJ,0000-0001-8831-3690,found,,
Vatana  Chea,Cambodia University of Technology and Science,Verified email at camtech.edu.kh,camtech.edu.kh,0.0,0.0,0.0,https://scholar.google.com/citations?hl=en&user=oelZ5EgAAAAJ,0000-0003-1894-0888,found,,
Nou Chanrachna,"Senior Lecturer and Head of Architecture & Interior Design Department, CamTech University",Verified email at camtech.edu.kh,camtech.edu.kh,0.0,0.0,0.0,https://scholar.google.com/citations?hl=en&user=PRuTEq0AAAAJ,0009-0003-9996-5733,found,,
Ros Sayumphu,Cambodia University of Science and Technology,Verified email at camtech.edu.kh,camtech.edu.kh,0.0,0.0,0.0,https://scholar.google.com/citations?hl=en&user=7f1xbr0AAAAJ,0009-0008-3422-8659,found,,
Pakrigna Long,Unknown affiliation,Verified email at camtech.edu.kh,camtech.edu.kh,0.0,0.0,0.0,https://scholar.google.com/citations?hl=en&user=5ZbgImMAAAAJ,0009-0004-5896-3114,found,,
Kimsreng Lim,Cambodia University of Technology and Science,Verified email at camtech.edu.kh,camtech.edu.kh,0.0,0.0,0.0,https://scholar.google.com/citations?hl=en&user=Gj_y8BcAAAAJ,0009-0007-3619-0650,found,,
Mut Somoeun,Cambodia University of Technology and Science (CamTech),Verified email at camtech.edu.kh - Homepage,camtech.edu.kh,0.0,0.0,0.0,https://scholar.google.com/citations?hl=en&user=aC3sReIAAAAJ,0009-0002-7164-069X,found,,
Sopheak Yeng,"Lecturer of Architecture, CamTech University",Verified email at camtech.edu.kh,camtech.edu.kh,0.0,0.0,0.0,https://scholar.google.com/citations?hl=en&user=VT0UN-EAAAAJ,0009-0007-0267-1149,found,,
Cholsa Kosal,Robotics and Automation Student at Cambodia University of Technology and Science,Verified email at camtech.edu.kh,camtech.edu.kh,0.0,0.0,0.0,https://scholar.google.com/citations?hl=en&user=4rcYOPUAAAAJ,0000-0002-6976-4733,found,,
Kea Meanhor,"Researcher, CamTech University, Cambodia",Verified email at camtech.edu.kh - Homepage,camtech.edu.kh,0.0,0.0,0.0,https://scholar.google.com/citations?hl=en&user=JWUD77cAAAAJ,0000-0002-9719-5988,found,,
Ian Rouse,University of Puthisastra,Verified email at puthisastra.edu.kh,puthisastra.edu.kh,0.0,0.0,0.0,https://scholar.google.com/citations?hl=en&user=WvX6O7kAAAAJ,0000-0002-3686-7701,found,,
Afeez Abolarinwa Salami,"Cephas Health Research Initiative Inc; Senior Research Fellow, UP, Cambodia",Verified email at puthisastra.edu.kh,puthisastra.edu.kh,0.0,0.0,0.0,https://scholar.google.com/citations?hl=en&user=tEE6IQUAAAAJ,0000-0002-6388-3803,found,,
Siddharthan Selvaraj,"Deputy Dean & Associate Professor - Faculty of Dentistry, University of Puthisastra",Verified email at puthisastra.edu.kh - Homepage,puthisastra.edu.kh,0.0,0.0,0.0,https://scholar.google.com/citations?hl=en&user=RQ1__r4AAAAJ,0000-0002-7776-3335,found,57223264725,https://www.scopus.com/authid/detail.uri?authorId=57223264725
Prof Dr Mohmed Isaqali Karobari,"Associate Dean of International Collaborations at SIMATS, Saveetha University",Verified email at puthisastra.edu.kh - Homepage,puthisastra.edu.kh,0.0,0.0,0.0,https://scholar.google.com/citations?hl=en&user=LdaXOowAAAAJ,0000-0002-0313-9695,found,57203761175,https://www.scopus.com/authid/detail.uri?authorId=57203761175
Francesca Cainelli,University of Puthisastra,Verified email at puthisastra.edu.kh,puthisastra.edu.kh,0.0,0.0,0.0,https://scholar.google.com/citations?hl=en&user=r0MPSyAAAAAJ,0000-0003-1838-3946,found,55919311000,https://www.scopus.com/authid/detail.uri?authorId=55919311000
Anand Marya,"Dean of Dentistry & Program Director of Orthodontics, University of Puthisastra",Verified email at puthisastra.edu.kh - Homepage,puthisastra.edu.kh,0.0,0.0,0.0,https://scholar.google.com/citations?hl=en&user=jWwhIsgAAAAJ,0000-0003-2009-4393,found,57218657104,https://www.scopus.com/authid/detail.uri?authorId=57218657104
Adith Venugopal,University of Puthisastra,Verified email at puthisastra.edu.kh,puthisastra.edu.kh,0.0,0.0,0.0,https://scholar.google.com/citations?hl=en&user=Ca6gOVYAAAAJ,0000-0002-7945-8799,found,,
Sarin Sok,"University of Puthisastra, Cambodia",Verified email at puthisastra.edu.kh - Homepage,puthisastra.edu.kh,0.0,0.0,0.0,https://scholar.google.com/citations?hl=en&user=FHZK_ncAAAAJ,0009-0000-0595-5998,found,58820111900,https://www.scopus.com/authid/detail.uri?authorId=58820111900
Chroeng Seyha,"ICT, University of Puthisastra",Verified email at puthisastra.edu.kh - Homepage,puthisastra.edu.kh,0.0,0.0,0.0,https://scholar.google.com/citations?hl=en&user=NUhRK9oAAAAJ,0009-0002-6806-4775,found,,
Sakirin Tam,University of Puthisastra,Verified email at puthisastra.edu.kh,puthisastra.edu.kh,0.0,0.0,0.0,https://scholar.google.com/citations?hl=en&user=xsYOJasAAAAJ,0000-0003-4103-1797,found,,
PROM Vireak,University of Puthisastra,Verified email at puthisastra.edu.kh,puthisastra.edu.kh,0.0,0.0,0.0,https://scholar.google.com/citations?hl=en&user=KygNKC4AAAAJ,0000-0002-8871-9292,found,,
Rany Vorn,University of Puthisastra,Verified email at puthisastra.edu.kh,puthisastra.edu.kh,0.0,0.0,0.0,https://scholar.google.com/citations?hl=en&user=JD9kDp4AAAAJ,0000-0002-9158-9302,found,,
Saqib Noor,University of Puthisastra,Verified email at puthisastra.edu.kh,puthisastra.edu.kh,0.0,0.0,0.0,https://scholar.google.com/citations?hl=en&user=cYM4LLAAAAAJ,0009-0009-0890-2598,found,,
POL Sreymom,"University of Puthisastra, University of Oxford",Verified email at puthisastra.edu.kh - Homepage,puthisastra.edu.kh,0.0,0.0,0.0,https://scholar.google.com/citations?hl=en&user=rlObPm0AAAAJ,0000-0001-8393-659X,found,,
Virak Sorn,University of Puthisastra,Verified email at puthisastra.edu.kh - Homepage,puthisastra.edu.kh,0.0,0.0,0.0,https://scholar.google.com/citations?hl=en&user=q09euYIAAAAJ,0000-0002-1075-3482,found,57210788576,https://www.scopus.com/authid/detail.uri?authorId=57210788576
"Kong Sophannary, DDS, PhD","Lecturer, Faculty of Dentistry, Faculty of Pharmacy, University of Puthisastra",Verified email at puthisastra.edu.kh,puthisastra.edu.kh,0.0,0.0,0.0,https://scholar.google.com/citations?hl=en&user=fLu6fGsAAAAJ,0000-0002-4590-0200,found,57194446961,https://www.scopus.com/authid/detail.uri?authorId=57194446961
Sela Kong,"University of Puthisastra, Cambodia",Verified email at puthisastra.edu.kh,puthisastra.edu.kh,0.0,0.0,0.0,https://scholar.google.com/citations?hl=en&user=3E5b2mEAAAAJ,0000-0003-3204-9127,found,58283272600,https://www.scopus.com/authid/detail.uri?authorId=58283272600
Chanvatanak LY,University of Puthisastra,Verified email at puthisastra.edu.kh,puthisastra.edu.kh,0.0,0.0,0.0,https://scholar.google.com/citations?hl=en&user=sfINRxsAAAAJ,0000-0003-1219-7763,found,,
Romeo M Caringal,"Lecturer, Pediatrics, University of Puthisastra, Phnom Penh; Adjunct Prof, Asia-Pacific Nazarene TS",Verified email at puthisastra.edu.kh,puthisastra.edu.kh,0.0,0.0,0.0,https://scholar.google.com/citations?hl=en&user=-cKCatUAAAAJ,0009-0008-2593-2206,found,,
Kalyan Kong,"Assistant Dean of Dentistry, University of Puthisastra",Verified email at puthisastra.edu.kh,puthisastra.edu.kh,0.0,0.0,0.0,https://scholar.google.com/citations?hl=en&user=cSBYdPMAAAAJ,0009-0006-2081-728X,found,,
Sokchan LORN,"Lecturer, University of Puthisastra",Verified email at puthisastra.edu.kh,puthisastra.edu.kh,0.0,0.0,0.0,https://scholar.google.com/citations?hl=en&user=8r9s9FgAAAAJ,0000-0001-5431-2673,found,,
Pea An,"UNIVERSITY OF PUTHISASTRA, Cambodia",Verified email at puthisastra.edu.kh - Homepage,puthisastra.edu.kh,0.0,0.0,0.0,https://scholar.google.com/citations?hl=en&user=fvkBPv8AAAAJ,0000-0002-1194-7043,found,,
Youhok Lim,Hebron Medical Center and University of Puthisastra,Verified email at puthisastra.edu.kh,puthisastra.edu.kh,0.0,0.0,0.0,https://scholar.google.com/citations?hl=en&user=A2gLEpAAAAAJ,0000-0002-5009-686X,found,,
PHA Channary,Unknown affiliation,Verified email at puthisastra.edu.kh,puthisastra.edu.kh,0.0,0.0,0.0,https://scholar.google.com/citations?hl=en&user=_01T5xgAAAAJ,0000-0003-3817-6768,found,,
CHEM Sokea,Unknown affiliation,Verified email at puthisastra.edu.kh,puthisastra.edu.kh,0.0,0.0,0.0,https://scholar.google.com/citations?hl=en&user=Eivgy5YAAAAJ,0009-0000-6309-2473,found,,
Seema Lal-Kumar,"Director of Clinical Services and Lecturer, University of Puthisastra",Verified email at puthisastra.edu.kh - Homepage,puthisastra.edu.kh,0.0,0.0,0.0,https://scholar.google.com/citations?hl=en&user=rYuHKZYAAAAJ,0000-0003-0862-155X,found,,
"Dr. SO Visessakseth, M.Pharm, PhD","Lecturer at Faculty of Pharmacy, University of Puthisastra",Verified email at puthisastra.edu.kh,puthisastra.edu.kh,0.0,0.0,0.0,https://scholar.google.com/citations?hl=en&user=_6Fvf3UAAAAJ,0009-0000-7117-8808,found,,
YIM  Sovannra,University of Puthisastra,Verified email at puthisastra.edu.kh - Homepage,puthisastra.edu.kh,0.0,0.0,0.0,https://scholar.google.com/citations?hl=en&user=IJBzmZgAAAAJ,0009-0007-6568-7236,found,,
CHHON Yanvary,University of Puthisastra,Verified email at puthisastra.edu.kh,puthisastra.edu.kh,0.0,0.0,0.0,https://scholar.google.com/citations?hl=en&user=OairS6gAAAAJ,0009-0004-1908-5080,found,,
Amarender Vadivelu,Visiting Senior Consultant Fortis Hospital Vadapalani Chennai India,Verified email at puthisastra.edu.kh,puthisastra.edu.kh,0.0,0.0,0.0,https://scholar.google.com/citations?hl=en&user=_vQ3mQEAAAAJ,0000-0002-6966-7052,found,,
HONG Samnang,Unknown affiliation,Verified email at puthisastra.edu.kh,puthisastra.edu.kh,0.0,0.0,0.0,https://scholar.google.com/citations?hl=en&user=4RToCk8AAAAJ,0000-0003-1250-6757,found,,
Tun Sreypeov,University of Puthisastra,Verified email at puthisastra.edu.kh - Homepage,puthisastra.edu.kh,0.0,0.0,0.0,https://scholar.google.com/citations?hl=en&user=KWvp26IAAAAJ,0009-0003-6498-4918,found,,
OUK Rim,Professor of General Doctor,Verified email at puthisastra.edu.kh,puthisastra.edu.kh,0.0,0.0,0.0,https://scholar.google.com/citations?hl=en&user=QUKqifUAAAAJ,0009-0003-9387-120X,found,,
Poul philip,Unknown affiliation,Verified email at puthisastra.edu.kh,puthisastra.edu.kh,0.0,0.0,0.0,https://scholar.google.com/citations?hl=en&user=POOjOu8AAAAJ,0000-0002-4704-0179,found,7402902899,https://www.scopus.com/authid/detail.uri?authorId=7402902899
SAY Sreypich,University of Puthisastra,Verified email at puthisastra.edu.kh,puthisastra.edu.kh,0.0,0.0,0.0,https://scholar.google.com/citations?hl=en&user=OPc6ot4AAAAJ,0009-0005-1405-2455,found,57211952347,https://www.scopus.com/authid/detail.uri?authorId=57211952347
Kit Thavy,"Fundamental Chemisrty, University of Puthisastra",Verified email at puthisastra.edu.kh,puthisastra.edu.kh,0.0,0.0,0.0,https://scholar.google.com/citations?hl=en&user=NMlpGMIAAAAJ,0009-0004-8791-0679,found,,
Andrea Burke Ryan,University of Puthisastra,Verified email at puthisastra.edu.kh,puthisastra.edu.kh,0.0,0.0,0.0,https://scholar.google.com/citations?hl=en&user=JNidkHAAAAAJ,0009-0004-8783-029X,found,,
MEAS Sochanwattey,University of Puthisastra,Verified email at puthisastra.edu.kh,puthisastra.edu.kh,0.0,0.0,0.0,https://scholar.google.com/citations?hl=en&user=3iFT4wIAAAAJ,0000-0002-9324-9168,found,57210149080,https://www.scopus.com/authid/detail.uri?authorId=57210149080
EAM Mao,Assistant Prof.,Verified email at puthisastra.edu.kh,puthisastra.edu.kh,0.0,0.0,0.0,https://scholar.google.com/citations?hl=en&user=UXIMQ24AAAAJ,0009-0009-3527-9965,found,,
BE Sokkeang,Program Manager,Verified email at puthisastra.edu.kh,puthisastra.edu.kh,0.0,0.0,0.0,https://scholar.google.com/citations?hl=en&user=hfAeBPIAAAAJ,0000-0001-7888-7914,found,,
Techly SAN,Assistant Professor | Program Coordinator of Dentistry | Researcher | University of Puthisastra (UP),Verified email at puthisastra.edu.kh - Homepage,puthisastra.edu.kh,0.0,0.0,0.0,https://scholar.google.com/citations?hl=en&user=JLFYCRcAAAAJ,0000-0001-8110-823X,found,,
EAT Sokhoeun,University of Puthisastra,Verified email at puthisastra.edu.kh,puthisastra.edu.kh,0.0,0.0,0.0,https://scholar.google.com/citations?hl=en&user=4YDjYAEAAAAJ,0009-0002-3623-2260,found,,
SUON Monirath,"Department of Nursing, University of Puthisastra",Verified email at puthisastra.edu.kh,puthisastra.edu.kh,0.0,0.0,0.0,https://scholar.google.com/citations?hl=en&user=Af7ll4YAAAAJ,0009-0001-1329-3856,found,,
PHAN Samnang,Doctor,Verified email at puthisastra.edu.kh,puthisastra.edu.kh,0.0,0.0,0.0,https://scholar.google.com/citations?hl=en&user=HRZ1G8YAAAAJ,0000-0003-1250-6757,found,,
Vannary YI,University of Puthisastra,Verified email at puthisastra.edu.kh,puthisastra.edu.kh,0.0,0.0,0.0,https://scholar.google.com/citations?hl=en&user=1Uv5ZaoAAAAJ,0009-0001-6167-1073,found,,
CHANTHONG YORN,University of Puthisastra,Verified email at puthisastra.edu.kh,puthisastra.edu.kh,0.0,0.0,0.0,https://scholar.google.com/citations?hl=en&user=LrjvXLsAAAAJ,0009-0000-6792-5700,found,,
NOY PISEY,"Pediatrician, Khmer-Soviet Friendship Hospital",Verified email at puthisastra.edu.kh,puthisastra.edu.kh,0.0,0.0,0.0,https://scholar.google.com/citations?hl=en&user=1SZQOJgAAAAJ,0000-0002-9907-766X,found,,
Sokly Mom,Epidemiologist,Verified email at puthisastra.edu.kh,puthisastra.edu.kh,0.0,0.0,0.0,https://scholar.google.com/citations?hl=en&user=qasa79gAAAAJ,0000-0003-3279-1479,found,,
THIM  Pichthida,"Faculty of Medicine, University of Puthisastra",Verified email at puthisastra.edu.kh,puthisastra.edu.kh,0.0,0.0,0.0,https://scholar.google.com/citations?hl=en&user=Yca9Y2IAAAAJ,0000-0002-7539-4150,found,,
CHEAB Sambath,University of Puthisastra,Verified email at puthisastra.edu.kh - Homepage,puthisastra.edu.kh,0.0,0.0,0.0,https://scholar.google.com/citations?hl=en&user=e11RAvsAAAAJ,0009-0000-4317-1449,found,,
Chhea Sophearom,"Faculty of Pharmacy, University of Puthisastra",Verified email at puthisastra.edu.kh,puthisastra.edu.kh,0.0,0.0,0.0,https://scholar.google.com/citations?hl=en&user=OUsCQ2wAAAAJ,0009-0001-6002-0420,found,,
Sok Sanith,Lecturer,Verified email at puthisastra.edu.kh,puthisastra.edu.kh,0.0,0.0,0.0,https://scholar.google.com/citations?hl=en&user=AzL6iM0AAAAJ,0000-0003-4272-3162,found,,
Kem Sokunthea,Deputy Dean of Nursing Department,Verified email at puthisastra.edu.kh,puthisastra.edu.kh,0.0,0.0,0.0,https://scholar.google.com/citations?hl=en&user=HZ3eJaAAAAAJ,0009-0002-3906-5031,found,,
Rotha KOL,University of Puthisastra,Verified email at puthisastra.edu.kh,puthisastra.edu.kh,0.0,0.0,0.0,https://scholar.google.com/citations?hl=en&user=Q1x4AvoAAAAJ,0009-0002-5234-6380,found,,
Tricia J. Hester,University of Puthisastra,Verified email at puthisastra.edu.kh - Homepage,puthisastra.edu.kh,0.0,0.0,0.0,https://scholar.google.com/citations?hl=en&user=cvBmMi0AAAAJ,0009-0003-7250-5745,found,,
MUK Lykeang,University of Puthisastra,Verified email at puthisastra.edu.kh,puthisastra.edu.kh,0.0,0.0,0.0,https://scholar.google.com/citations?hl=en&user=oBWPepcAAAAJ,0009-0006-4492-6894,found,,
Heng MAO,Assistant Professor of Medicine,Verified email at puthisastra.edu.kh,puthisastra.edu.kh,0.0,0.0,0.0,https://scholar.google.com/citations?hl=en&user=HIGXoTQAAAAJ,0000-0002-2760-6534,found,56650877500,https://www.scopus.com/authid/detail.uri?authorId=56650877500
KHOM Sanchhay,Unknown affiliation,Verified email at puthisastra.edu.kh,puthisastra.edu.kh,0.0,0.0,0.0,https://scholar.google.com/citations?hl=en&user=4JQej0AAAAAJ,0009-0000-4309-4383,found,,
Sreynich CHHUN,"Lecturer of the Department of Science Research, Faculty of Science and Technology, UP",Verified email at puthisastra.edu.kh,puthisastra.edu.kh,0.0,0.0,0.0,https://scholar.google.com/citations?hl=en&user=eodAWhgAAAAJ,0009-0009-3082-4186,found,,
Heng Sophea,"Lecturer of Surgery, Faculty of Medicine",Verified email at puthisastra.edu.kh,puthisastra.edu.kh,0.0,0.0,0.0,https://scholar.google.com/citations?hl=en&user=s31URnIAAAAJ,0009-0001-9723-0595,found,,
Vutha Meas,Calmette Hospital and University of Puthisastra,Verified email at puthisastra.edu.kh,puthisastra.edu.kh,0.0,0.0,0.0,https://scholar.google.com/citations?hl=en&user=vbz4AIkAAAAJ,0000-0002-6198-3704,found,57193453344,https://www.scopus.com/authid/detail.uri?authorId=57193453344
Dr. AN SRIM,"Ajc. C. Asst. Professor, University of Puthisastra",Verified email at puthisastra.edu.kh,puthisastra.edu.kh,0.0,0.0,0.0,https://scholar.google.com/citations?hl=en&user=uaGjS80AAAAJ,0009-0003-0149-5420,found,,
Ratanakromanea Ngin,University of Puthisastra,Verified email at puthisastra.edu.kh,puthisastra.edu.kh,0.0,0.0,0.0,https://scholar.google.com/citations?hl=en&user=l0eH944AAAAJ,0009-0001-5765-5425,found,,
chea ong,"Professor of Hepato-Gastroenterologist. University of Health Sciences, Puthisastra and International",Verified email at puthisastra.edu.kh,puthisastra.edu.kh,0.0,0.0,0.0,https://scholar.google.com/citations?hl=en&user=CPufyjkAAAAJ,0000-0001-7912-1048,found,,
Sophaneth Keo,"Lecturer of Biochemistry, University of Puthisastra",Verified email at puthisastra.edu.kh,puthisastra.edu.kh,0.0,0.0,0.0,https://scholar.google.com/citations?hl=en&user=tQwvWxIAAAAJ,0009-0003-6335-8827,found,,
Michael Renfrew,"Director of Research, University of Puthisastra",Verified email at puthisastra.edu.kh,puthisastra.edu.kh,0.0,0.0,0.0,https://scholar.google.com/citations?hl=en&user=BG4fQfEAAAAJ,0009-0006-6049-8770,found,,
HENG Sreyly,University of Puthisastra,Verified email at puthisastra.edu.kh,puthisastra.edu.kh,0.0,0.0,0.0,https://scholar.google.com/citations?hl=en&user=uuFMfjYAAAAJ,0009-0000-2519-3791,found,,
YEM  Sokha,university of puthisastra,Verified email at puthisastra.edu.kh,puthisastra.edu.kh,0.0,0.0,0.0,https://scholar.google.com/citations?hl=en&user=bBy04t0AAAAJ,0009-0005-1573-0609,found,,
SRUY HUY,"Khmer-Soviet Friendship Hospital, University of Health Science, University of Puthisastra",Verified email at puthisastra.edu.kh,puthisastra.edu.kh,0.0,0.0,0.0,https://scholar.google.com/citations?hl=en&user=J6qTOyAAAAAJ,0009-0003-1791-129X,found,,
Chendavatey Pok,Doctor,Verified email at puthisastra.edu.kh,puthisastra.edu.kh,0.0,0.0,0.0,https://scholar.google.com/citations?hl=en&user=5__wnkgAAAAJ,0000-0001-8041-2678,found,,
LAM Pechkethia,"Pediatric Hematology, University of Health Sciences",Verified email at puthisastra.edu.kh,puthisastra.edu.kh,0.0,0.0,0.0,https://scholar.google.com/citations?hl=en&user=g24IXQoAAAAJ,0009-0003-3358-4057,found,,
PIT Sovannary,University of Puthisastra,Verified email at puthisastra.edu.kh,puthisastra.edu.kh,0.0,0.0,0.0,https://scholar.google.com/citations?hl=en&user=RP7Mlv8AAAAJ,0009-0004-9519-7180,found,,
VANN  Lida,Unknown affiliation,Verified email at puthisastra.edu.kh,puthisastra.edu.kh,0.0,0.0,0.0,https://scholar.google.com/citations?hl=en&user=vPkXSuYAAAAJ,0009-0000-7429-8653,found,,
NOV Sreyroth,"Deputy Dean of Midwifery, University of Puthisastra",Verified email at puthisastra.edu.kh,puthisastra.edu.kh,0.0,0.0,0.0,https://scholar.google.com/citations?hl=en&user=jRTFhBMAAAAJ,0009-0006-0013-2953,found,,
"Professor, Dr. Sou Veasna",Royal University of Phnom Penh (RUPP),Verified email at rupp.edu.kh -Homepage,rupp.edu.kh,1139.0,9.0,6.0,https://scholar.google.com/citations?hl=en&user=88pQgvAAAAAJ,0000-0002-6947-2482,found,,
"Chan Oeurn Chey, PhD","Graduate School of Science, Royal University of Phnom Penh",Verified email at rupp.edu.kh -Homepage,rupp.edu.kh,831.0,16.0,22.0,https://scholar.google.com/citations?hl=en&user=2ALq40oAAAAJ,0000-0002-0618-6999,found,,
Beanbonyka Rim,Royal University of Phnom Penh,Verified email at rupp.edu.kh,rupp.edu.kh,804.0,11.0,12.0,https://scholar.google.com/citations?hl=en&user=h-qfOGkAAAAJ,0000-0003-1232-0610,found,,
Say Sok,Independent Consultant and Researcher,Verified email at rupp.edu.kh,rupp.edu.kh,681.0,17.0,23.0,https://scholar.google.com/citations?hl=en&user=LvzVwc4AAAAJ,0000-0003-0828-0193,found,,
Mak Sithirith,Researcher,Verified email at rupp.edu.kh,rupp.edu.kh,619.0,13.0,21.0,https://scholar.google.com/citations?hl=en&user=NBYZltoAAAAJ,0000-0002-9567-6585,found,56139499200,https://www.scopus.com/authid/detail.uri?authorId=56139499200
Veasna Soum,Royal University of Phnom Penh,Verified email at rupp.edu.kh,rupp.edu.kh,554.0,11.0,11.0,https://scholar.google.com/citations?hl=en&user=dg6Ez8QAAAAJ,0000-0003-4164-2379,found,57190286988,https://www.scopus.com/authid/detail.uri?authorId=57190286988
Sok Serey,HKBU,Verified email at rupp.edu.kh -Homepage,rupp.edu.kh,512.0,12.0,17.0,https://scholar.google.com/citations?hl=en&user=JgDhDJIAAAAJ,0000-0002-3722-0125,found,,
Leang UN,Dean,Verified email at rupp.edu.kh -Homepage,rupp.edu.kh,465.0,10.0,12.0,https://scholar.google.com/citations?hl=en&user=pkRMNd8AAAAJ,0000-0002-6251-3368,found,,
Vin Spoann,"Assoc. professor, Royal University of Phnom Penh",Verified email at rupp.edu.kh -Homepage,rupp.edu.kh,444.0,8.0,8.0,https://scholar.google.com/citations?hl=en&user=bn4FpIIAAAAJ,0000-0003-3491-0101,found,,
Tieng Siteng,"Faculty of Engineering, Royal University of Phnom Penh, Cambodia",Verified email at rupp.edu.kh,rupp.edu.kh,398.0,10.0,10.0,https://scholar.google.com/citations?hl=en&user=mlH6VK0AAAAJ,0000-0002-9037-6671,found,37073526900,https://www.scopus.com/authid/detail.uri?authorId=37073526900
KAKADA UON,"Teacher of English as a second language, Institute of Technology of Cambodia (ITC)",Verified email at itc.edu.kh,itc.edu.kh,2358.0,21.0,38.0,https://scholar.google.com/citations?hl=en&user=y6Nqw2gAAAAJ,0000-0002-8627-5317,found,,
Hasika Mith,"Researcher, Institute of Technology of Cambodia",Verified email at itc.edu.kh,itc.edu.kh,877.0,13.0,13.0,https://scholar.google.com/citations?hl=en&user=wjzQqKoAAAAJ,0000-0003-3428-5094,found,,
SOK Ty,Institute of Technology of Cambodia,Verified email at itc.edu.kh,itc.edu.kh,772.0,17.0,23.0,https://scholar.google.com/citations?hl=en&user=_r9PG1UAAAAJ,0009-0006-6591-8519,found,,
PHAT Chanvorleak,"Head of Food Technology and Nutrition Research Unit, Institute of Technology of Cambodia",Verified email at itc.edu.kh,itc.edu.kh,738.0,7.0,7.0,https://scholar.google.com/citations?hl=en&user=mYv2qGAAAAAJ,0000-0002-3674-4912,found,55586059900,https://www.scopus.com/authid/detail.uri?authorId=55586059900
Long Bun,Institute of Technology of Cambodia,Verified email at itc.edu.kh,itc.edu.kh,662.0,14.0,18.0,https://scholar.google.com/citations?hl=en&user=XZKnwyYAAAAJ,0009-0009-1736-3960,found,,
PHUN Vengkheang,Visiting Associate Professor,Verified email at itc.edu.kh -Homepage,itc.edu.kh,525.0,11.0,11.0,https://scholar.google.com/citations?hl=en&user=j73WVVkAAAAJ,0000-0002-2871-3091,found,,
Pichmony Ek,Institute of Technology of Cambodia,Verified email at itc.edu.kh,itc.edu.kh,497.0,12.0,12.0,https://scholar.google.com/citations?hl=en&user=Dn_pqWcAAAAJ,0000-0002-6373-797X,found,,
TAN Reasmey,Institute of Technology of Cambodia (ITC),Verified email at itc.edu.kh,itc.edu.kh,485.0,9.0,9.0,https://scholar.google.com/citations?hl=en&user=q8IUX-gAAAAJ,0009-0005-5999-7663,found,,
Vannak Vai,"Lecturer-Researcher, Institute of Technology of Cambodia",Verified email at itc.edu.kh -Homepage,itc.edu.kh,449.0,11.0,13.0,https://scholar.google.com/citations?hl=en&user=CswoKhYAAAAJ,0000-0002-9540-4926,found,57195285947,https://www.scopus.com/authid/detail.uri?authorId=57195285947
Dona Valy,Institute of Technology of Cambodia,Verified email at itc.edu.kh,itc.edu.kh,360.0,10.0,10.0,https://scholar.google.com/citations?hl=en&user=dLCU38EAAAAJ,0009-0000-6181-5551,found,57192063150,https://www.scopus.com/authid/detail.uri?authorId=57192063150
Bunyeth Chan,"Posdoctoral Researcher, Wonders of the Mekong Project, c/o Inland Fisheries Research and Development",Verified email at sru.edu.kh,sru.edu.kh,240.0,10.0,11.0,https://scholar.google.com/citations?hl=en&user=ElfJjWUAAAAJ,0000-0001-9102-5534,found,,
Bunly Soeung,"Lecturer, Svay Rieng University and Research Fellow, Cambodian Institute for Cooperation and Peace",Verified email at mail.sru.edu.kh,sru.edu.kh,168.0,5.0,5.0,https://scholar.google.com/citations?hl=en&user=x3DgONcAAAAJ,0009-0000-6236-9637,found,,
"Serey Mardy, PhD","Faculty of Agriculture, Svay Rieng University",Verified email at mail.sru.edu.kh -Homepage,sru.edu.kh,88.0,5.0,1.0,https://scholar.google.com/citations?hl=en&user=kGuyg5EAAAAJ,0009-0002-1049-7324,found,59261029900,https://www.scopus.com/authid/detail.uri?authorId=59261029900
Asst. Prof. Dr. Dina Pen,"Assistant Professor, Svay Rieng University",Verified email at mail.sru.edu.kh,sru.edu.kh,83.0,5.0,3.0,https://scholar.google.com/citations?hl=en&user=14aYIskAAAAJ,0009-0004-0104-2840,found,59316667400,https://www.scopus.com/authid/detail.uri?authorId=59316667400
phearun lay,"Part-time lecturer at Svay Rieng University, Cambodia",Verified email at sru.edu.kh -Homepage,sru.edu.kh,6.0,1.0,0.0,https://scholar.google.com/citations?hl=en&user=9BDQwkYAAAAJ,0000-0003-1543-7849,found,57698933600,https://www.scopus.com/authid/detail.uri?authorId=57698933600
Tithya Kang,Svay Rieng University,Verified email at mail.sru.edu.kh,sru.edu.kh,4.0,1.0,0.0,https://scholar.google.com/citations?hl=en&user=5vVpDyIAAAAJ,0009-0009-0531-6788,found,,
CHOUN Pheakdey,"Doctoral Student, Institute of Technology of Cambodia",Verified email at sru.edu.kh,sru.edu.kh,1.0,1.0,0.0,https://scholar.google.com/citations?hl=en&user=ZN-fJaQAAAAJ,0009-0006-4262-5828,found,,
Chou Manith,Svay Rieng University,Verified email at sru.edu.kh,sru.edu.kh,1.0,1.0,0.0,https://scholar.google.com/citations?hl=en&user=lYC1-uUAAAAJ,0009-0004-9026-0582,found,,
THOK Piseth,Svay Rieng University,Verified email at mail.sru.edu.kh,sru.edu.kh,,,,https://scholar.google.com/citations?hl=en&user=RKd02CYAAAAJ,0009-0002-4751-9566,found,,
Arun Meas,National Meanchey University,Verified email at nmu.edu.kh,nmu.edu.kh,400.0,5.0,5.0,https://scholar.google.com/citations?hl=en&user=EXNzgAQAAAAJ,0009-0000-7899-6395,found,57126240900,https://www.scopus.com/authid/detail.uri?authorId=57126240900
Veu Thangrak.PhD,"National Meanchey University, Cambodia",Verified email at nmu.edu.kh -Homepage,nmu.edu.kh,105.0,3.0,1.0,https://scholar.google.com/citations?hl=en&user=9iWy3mcAAAAJ,0000-0001-8183-6149,found,,
Sopheak TITH,Lecturer,Verified email at nmu.edu.kh -Homepage,nmu.edu.kh,12.0,2.0,0.0,https://scholar.google.com/citations?hl=en&user=Z_77FHYAAAAJ,0009-0007-2736-5455,found,,
Chumrong Chhom,"Civil Servant, Royal Academy of Cambodia",Verified email at rac.gov.kh,rac.gov.kh,4.0,1.0,0.0,https://scholar.google.com/citations?hl=en&user=ST9zXxMAAAAJ,0009-0003-0905-5577,found,,
Amirhossein Taghipour,Preah Sihamoniraja Buddhist University,Verified email at psbu.edu.kh,psbu.edu.kh,,,,https://scholar.google.com/citations?hl=en&user=I8NtP04AAAAJ,0000-0002-7409-2484,found,57408439900,https://www.scopus.com/authid/detail.uri?authorId=57408439900
CHREA Sesokunthideth,Unknown affiliation,Verified email at ntti.edu.kh,ntti.edu.kh,233.0,3.0,2.0,https://scholar.google.com/citations?hl=en&user=1iUZfT4AAAAJ,0000-0003-4328-9855,found,55637867300,https://www.scopus.com/authid/detail.uri?authorId=55637867300
Davuth Dy,Build Bright University,Verified email at bbu.edu.kh -Homepage,bbu.edu.kh,38.0,2.0,1.0,https://scholar.google.com/citations?hl=en&user=5i-LGdkAAAAJ,0009-0005-5650-7227,found,55368203800,https://www.scopus.com/authid/detail.uri?authorId=55368203800
Lim Kim Eav,Build Bright University,Verified email at pp.bbu.edu.kh -Homepage,bbu.edu.kh,24.0,3.0,0.0,https://scholar.google.com/citations?hl=en&user=UlNvRcYAAAAJ,0009-0002-2144-5204,found,,
Kong Chantha,Build Bright University,Verified email at bmc.bbu.edu.kh,bbu.edu.kh,6.0,2.0,0.0,https://scholar.google.com/citations?hl=en&user=h1QS8o4AAAAJ,0009-0002-0548-6364,found,,
Pao Sari,Unknown affiliation,Verified email at mekong.edu.kh,mekong.edu.kh,1841.0,10.0,10.0,https://scholar.google.com/citations?hl=en&user=ZP-DbwYAAAAJ,0009-0007-9244-5101,found,,
Romny Ly,Cambodian Mekong University,Verified email at mekong.edu.kh,mekong.edu.kh,455.0,9.0,7.0,https://scholar.google.com/citations?hl=en&user=KHPUqLkAAAAJ,0000-0002-0084-7944,found,,
Siek Darith,Dr.,Verified email at ume.edu.kh,ume.edu.kh,147.0,6.0,4.0,https://scholar.google.com/citations?hl=en&user=UExmHhcAAAAJ,0009-0002-3423-633X,found,,
Norm Rorthmony,Primary School Teacher,Verified email at ume.edu.kh,ume.edu.kh,,,,https://scholar.google.com/citations?hl=en&user=YhoobQwAAAAJ,0009-0002-1369-5879,found,,
Dr.Ben Fahmy,Dewey International University,Verified email at diu.edu.kh -Homepage,diu.edu.kh,19.0,1.0,1.0,https://scholar.google.com/citations?hl=en&user=UsAG-NYAAAAJ,0009-0007-4633-1592,found,,
Dr. KEA SOKVIBOL,"Internal Quality Assurance Office, University of South-East Asia (USEA)",Verified email at usea.edu.kh -Homepage,usea.edu.kh,859.0,14.0,17.0,https://scholar.google.com/citations?hl=en&user=UjqEAicAAAAJ,0000-0003-0950-3336,found,,
Sengthai Lay,"Lecturer, University of South-East Asia",Verified email at usea.edu.kh -Homepage,usea.edu.kh,,,,https://scholar.google.com/citations?hl=en&user=34rxI-sAAAAJ,0009-0008-1347-9053,found,,
"Long Bunteng,Ph.D.",Professor and Dean of Faculty of Management - Hotel and Tourism,Verified email at westernuniversity.edu.kh,westernuniversity.edu.kh,81.0,4.0,2.0,https://scholar.google.com/citations?hl=en&user=WusFoAkAAAAJ,0009-0006-1086-1586,found,,
Sovang Long,Dean of Graduate School,Verified email at westernuniversity.edu.kh -Homepage,westernuniversity.edu.kh,58.0,3.0,2.0,https://scholar.google.com/citations?hl=en&user=tdYyWdUAAAAJ,0000-0001-8194-5580,found,,
hok thavuth,"Vice President, Western University",Verified email at westernuniversity.edu.kh,westernuniversity.edu.kh,25.0,2.0,2.0,https://scholar.google.com/citations?hl=en&user=E8CnhKoAAAAJ,0000-0002-5418-2984,found,,
Sothea Yon,Research team,Verified email at angkor.edu.kh -Homepage,angkor.edu.kh,117.0,5.0,4.0,https://scholar.google.com/citations?hl=en&user=xEhZGXgAAAAJ,0009-0000-5943-2607,found,,
Arun Singh,East Asia Management University,Verified email at eamu.edu.kh -Homepage,eamu.edu.kh,3665.0,21.0,106.0,https://scholar.google.com/citations?hl=en&user=eBLaVfIAAAAJ,0000-0003-4757-8646,found,,
sonkang ly,Phnom Penh University of the Arts,Verified email at ppua.edu.kh,ppua.edu.kh,161.0,7.0,6.0,https://scholar.google.com/citations?hl=en&user=vG-HaFYAAAAJ,0000-0001-6202-628X,found,,
Ashli Josh Aurellano,Student at Phnom Penh University of Arts,Verified email at ppua.edu.kh,ppua.edu.kh,41.0,1.0,1.0,https://scholar.google.com/citations?hl=en&user=Cb72PYUAAAAJ,0009-0007-1046-6153,found,,
kang kay,Study at Phnom Penh University of the Arts - PPUA and ISTAD,Verified email at ppua.edu.kh,ppua.edu.kh,,,,https://scholar.google.com/citations?hl=en&user=rnQfXPsAAAAJ,0000-0003-2389-5903,found,,
Pisith Hok,"Dean of Faculty of Law and Economics, ACLEDA University of Business (AUB)",Verified email at aub.edu.kh -Homepage,aub.edu.kh,3.0,1.0,0.0,https://scholar.google.com/citations?hl=en&user=ylceR3oAAAAJ,0009-0003-3554-7380,found,,
Mr.Moly,ACLEADA University of Business,Verified email at aub.edu.kh,aub.edu.kh,1.0,1.0,0.0,https://scholar.google.com/citations?hl=en&user=JXTa-yEAAAAJ,,found,,
SAPHONN Vonthanak,Professor of Public Health,Verified email at uhs.edu.kh,uhs.edu.kh,4298.0,37.0,96.0,https://scholar.google.com/citations?hl=en&user=T9boLcsAAAAJ,0000-0002-5620-0517,found,,
OLIVIER SEGERAL,Unknown affiliation,Verified email at uhs.edu.kh,uhs.edu.kh,705.0,14.0,17.0,https://scholar.google.com/citations?hl=en&user=1g305mgAAAAJ,0000-0002-0433-5292,found,,
"DARY CHHAVARATH (PhD., PharmD., MSc., BPharm.)","Lecturer-Researcher (Public Health Unit, University of Health Sciences)",Verified email at uhs.edu.kh -Homepage,uhs.edu.kh,133.0,7.0,6.0,https://scholar.google.com/citations?hl=en&user=zjgK8n0AAAAJ,0000-0003-4048-7020,,,
HENG MENGHAK,Calmette Hospital,Verified email at uhs.edu.kh,uhs.edu.kh,1.0,1.0,0.0,https://scholar.google.com/citations?hl=en&user=yGbJlKsAAAAJ,0009-0009-5155-6563,found,,
Sophal Yem,"Assoc Prof. of Oral Pathology, University of Healrh Sciences, Phnom Penh, Cambodia",Verified email at uhs.edu.kh -Homepage,uhs.edu.kh,,,,https://scholar.google.com/citations?hl=en&user=npyurTQAAAAJ,0000-0001-6991-7595,found,,
Leabheng BUNLY,Doctor Specialist at Preah Ang Duong Hospital,Verified email at uhs.edu.kh -Homepage,uhs.edu.kh,,,,https://scholar.google.com/citations?hl=en&user=C3GdvIMAAAAJ,0009-0000-6236-9637,found,,
Sela Bun,University of Health Sciences; Techo Santepheap National Hospital,Verified email at uhs.edu.kh,uhs.edu.kh,,,,https://scholar.google.com/citations?hl=en&user=76beRtoAAAAJ,0009-0006-7624-3211,found,,
Sarun Horn,Researcher and Lecturer,Verified email at rua.edu.kh -Homepage,rua.edu.kh,2000.0,24.0,77.0,https://scholar.google.com/citations?hl=en&user=yEVM4i8AAAAJ,0009-0009-8775-2320,found,,
Lyda Hok,An Academic Leader and Senior Researcher (Agri-Food Systems) at Royal University of Agriculture,Verified email at rua.edu.kh -Homepage,rua.edu.kh,751.0,15.0,19.0,https://scholar.google.com/citations?hl=en&user=McB6KcgAAAAJ,0000-0003-2175-1412,found,56800815200,https://www.scopus.com/authid/detail.uri?authorId=56800815200
Borarin Buntong,Researcher at Royal University of Agriculture,Verified email at rua.edu.kh -Homepage,rua.edu.kh,699.0,9.0,8.0,https://scholar.google.com/citations?hl=en&user=QC4yOWYAAAAJ,0000-0002-6654-1374,found,35775079300,https://www.scopus.com/authid/detail.uri?authorId=35775079300
Samkol,Researcher,Verified email at rua.edu.kh,rua.edu.kh,581.0,15.0,21.0,https://scholar.google.com/citations?hl=en&user=HVk2vigAAAAJ,0000-0002-1734-661X,found,,
Dyna Theng,Royal University of Agriculture,Verified email at rua.edu.kh -Homepage,rua.edu.kh,393.0,8.0,7.0,https://scholar.google.com/citations?hl=en&user=DcAPPHoAAAAJ,0000-0003-1743-6583,found,,
Keo Sath,Unknown affiliation,Verified email at rua.edu.kh,rua.edu.kh,329.0,10.0,10.0,https://scholar.google.com/citations?hl=en&user=-N-SfvAAAAAJ,0000-0003-0056-647X,found,,
Samol Chhuoy,Lecturer and Researcher,Verified email at rua.edu.kh,rua.edu.kh,304.0,9.0,8.0,https://scholar.google.com/citations?hl=en&user=amDV9hUAAAAJ,0000-0003-3451-343X,found,,
kim Soben,Royal University of Agriculture,Verified email at rua.edu.kh -Homepage,rua.edu.kh,251.0,6.0,5.0,https://scholar.google.com/citations?hl=en&user=0KIlsIAAAAAJ,0000-0003-0146-3376,found,,
Ro Sophoanrith,"Faculty of Agronomy, Royal University of Agriculture",Verified email at rua.edu.kh,rua.edu.kh,247.0,9.0,8.0,https://scholar.google.com/citations?hl=en&user=z0MU060AAAAJ,0000-0002-4489-7345,found,,
Nareth Nut,"Faculty of Agricultural Engineering, Royal University of Agriculture",Verified email at rua.edu.kh -Homepage,rua.edu.kh,236.0,7.0,4.0,https://scholar.google.com/citations?hl=en&user=FZtE9eoAAAAJ,0000-0002-8359-6385,found,57228252500,https://www.scopus.com/authid/detail.uri?authorId=57228252500
Sras Hem,"Lecturer of Law, RULE",Verified email at rule.edu.kh -Homepage,rule.edu.kh,4.0,1.0,0.0,https://scholar.google.com/citations?hl=en&user=ckL4UFMAAAAJ,0009-0000-1435-4713,found,,
Kong Sopheak,Royal University of Law and Economics Science,Verified email at rule.edu.kh,rule.edu.kh,,,,https://scholar.google.com/citations?hl=en&user=6kfFbBcAAAAJ,0009-0001-1751-1590,found,,
"Sophal Im, PhD","National University of Management, IIC University Of Technology",Verified email at num.edu.kh -Homepage,num.edu.kh,6252.0,39.0,103.0,https://scholar.google.com/citations?hl=en&user=8pWKvxQAAAAJ,0000-0001-6991-7595,found,,
Dr. Md Jamirul Haque,National University of Management,Verified email at num.edu.kh -Homepage,num.edu.kh,160.0,5.0,3.0,https://scholar.google.com/citations?hl=en&user=eEh1C7IAAAAJ,0000-0003-3824-7423,found,,
Tum Nhim,Senior Researcher at National University of Management,Verified email at num.edu.kh,num.edu.kh,89.0,4.0,3.0,https://scholar.google.com/citations?hl=en&user=sTpzolgAAAAJ,0000-0002-0511-4141,found,,
Sum Sochenda,National Polytechnic Institute of Cambodia,Verified email at num.edu.kh,num.edu.kh,22.0,2.0,1.0,https://scholar.google.com/citations?hl=en&user=WQm40-MAAAAJ,0009-0003-8791-1295,found,,
Sreng Vichet,Assistance Professor,Verified email at num.edu.kh,num.edu.kh,,,,https://scholar.google.com/citations?hl=en&user=MFqBhr4AAAAJ,0000-0002-1331-2113,found,56013902200,https://www.scopus.com/authid/detail.uri?authorId=56013902200
Cheab Sovuthy,Dean of School of Digital Engineering,Verified email at cadt.edu.kh -Homepage,cadt.edu.kh,563.0,11.0,13.0,https://scholar.google.com/citations?hl=en&user=Lx92H5gAAAAJ,0000-0002-4691-5527,found,,
Hongly Va,"Institute of Digital Technology, CADT",Verified email at cadt.edu.kh,cadt.edu.kh,102.0,6.0,2.0,https://scholar.google.com/citations?hl=en&user=GhOZ1aUAAAAJ,0000-0001-7264-1841,found,,
Ratha Yeu,Lecturer and Researcher,Verified email at cadt.edu.kh,cadt.edu.kh,46.0,2.0,1.0,https://scholar.google.com/citations?hl=en&user=5I3UsuUAAAAJ,0009-0000-2276-0826,found,,
Kor Sokchea,"Researcher, Institute of Digital Technology, CADT",Verified email at cadt.edu.kh,cadt.edu.kh,37.0,3.0,2.0,https://scholar.google.com/citations?hl=en&user=17s7gy8AAAAJ,0000-0003-3889-3679,found,56386484900,https://www.scopus.com/authid/detail.uri?authorId=56386484900
Bonpagna Kann,"Lecturer and Researcher, Cambodia Academy of Digital Technology, MPTC",Verified email at cadt.edu.kh,cadt.edu.kh,25.0,3.0,1.0,https://scholar.google.com/citations?hl=en&user=5cNzxOMAAAAJ,0009-0003-6727-775X,found,,
Sonita Te,Unknown affiliation,Verified email at cadt.edu.kh,cadt.edu.kh,14.0,1.0,1.0,https://scholar.google.com/citations?hl=en&user=WGfxX9QAAAAJ,0009-0000-6210-6781,found,,
Sotheara Leang,Cambodia Academy of Digital Technology,Verified email at cadt.edu.kh,cadt.edu.kh,10.0,2.0,0.0,https://scholar.google.com/citations?hl=en&user=ZpEsL2wAAAAJ,0009-0005-1122-723X,found,,
Saly KEO,Cambodia Academy of Digital Technology (CADT),Verified email at cadt.edu.kh,cadt.edu.kh,10.0,2.0,0.0,https://scholar.google.com/citations?hl=en&user=78TuKksAAAAJ,0009-0000-9878-4015,found,,
Rottana Ly,Cambodia Academy of Digital Technology,Verified email at cadt.edu.kh,cadt.edu.kh,2.0,1.0,0.0,https://scholar.google.com/citations?hl=en&user=u3Kq9u0AAAAJ,0009-0004-8061-9774,found,,
Phannet Pov,Cambodia Academy of Digital Technology,Verified email at cadt.edu.kh -Homepage,cadt.edu.kh,,,,https://scholar.google.com/citations?hl=en&user=IyhoUPwAAAAJ,0009-0003-1240-1215,found,,
Pahlaj Moolio,"Paragon International University, Cambodia",Verified email at paragoniu.edu.kh,paragoniu.edu.kh,564.0,13.0,15.0,https://scholar.google.com/citations?hl=en&user=DZKs2uQAAAAJ,0009-0004-2189-9446,found,,
Kashif Hasan Khan,"Department of Economics, Paragon International University, Phnom Penh, Cambodia",Verified email at paragoniu.edu.kh -Homepage,paragoniu.edu.kh,437.0,11.0,15.0,https://scholar.google.com/citations?hl=en&user=h5tlO-UAAAAJ,0000-0003-0838-3176,found,57679534500,https://www.scopus.com/authid/detail.uri?authorId=57679534500
Meirambek Zhaparov,Professor,Verified email at paragoniu.edu.kh -Homepage,paragoniu.edu.kh,359.0,10.0,10.0,https://scholar.google.com/citations?hl=en&user=7ZInV2kAAAAJ,0000-0002-2286-792X,found,,
Nurmurat Kandymov,Paragon International University,Verified email at paragoniu.edu.kh,paragoniu.edu.kh,306.0,7.0,5.0,https://scholar.google.com/citations?hl=en&user=8u5nHPoAAAAJ,0000-0001-7959-5948,found,,
Ruslan Isaev,"Paragon International University, Faculty of Information and Computer Technologies",Verified email at paragoniu.edu.kh,paragoniu.edu.kh,165.0,8.0,5.0,https://scholar.google.com/citations?hl=en&user=RKnkl-cAAAAJ,0000-0003-4426-8837,found,36630395400,https://www.scopus.com/authid/detail.uri?authorId=36630395400
"Sok Udom DETH, Ph.D","Professor of International Relations, Paragon International University",Verified email at paragoniu.edu.kh -Homepage,paragoniu.edu.kh,153.0,8.0,8.0,https://scholar.google.com/citations?hl=en&user=BSlBKYwAAAAJ,0000-0002-3034-8759,found,,
Mengleang Lay,"Dean of Engineering Faculty, Paragon International University",Verified email at paragoniu.edu.kh,paragoniu.edu.kh,153.0,1.0,1.0,https://scholar.google.com/citations?hl=en&user=rCQasyQAAAAJ,0000-0001-6837-9668,found,,
Haksrun Lao,"Lecturer & Academic Affairs Coordinator, Paragon International University, Cambodia",Verified email at paragoniu.edu.kh -Homepage,paragoniu.edu.kh,45.0,4.0,3.0,https://scholar.google.com/citations?hl=en&user=zzyWb6sAAAAJ,0009-0007-5670-5463,found,57237010100,https://www.scopus.com/authid/detail.uri?authorId=57237010100
Sodiq Akinsanya,Paragon International University,Verified email at paragoniu.edu.kh,paragoniu.edu.kh,34.0,1.0,1.0,https://scholar.google.com/citations?hl=en&user=8opNnfgAAAAJ,0009-0008-5584-1313,found,,
Renz E. Ferrera,Paragon International University,Verified email at paragoniu.edu.kh -Homepage,paragoniu.edu.kh,33.0,3.0,2.0,https://scholar.google.com/citations?hl=en&user=Oq6d5ZMAAAAJ,0000-0003-2231-2673,found,,
Dr. Shad Ahmad Khan,American University of Phnom Penh,Verified email at aupp.edu.kh -Homepage,aupp.edu.kh,1231.0,21.0,44.0,https://scholar.google.com/citations?hl=en&user=LwILZtsAAAAJ,0000-0001-7593-3487,found,57211807300,https://www.scopus.com/authid/detail.uri?authorId=57211807300
DR.P.MUTHUKUMARAN,Associate Professor  & AP Biology  Faculty,Verified email at aupp.edu.kh -Homepage,aupp.edu.kh,746.0,15.0,20.0,https://scholar.google.com/citations?hl=en&user=nMaZ1iIAAAAJ,,found,,
"Prohim Tam, PhD","Faculty of Digital Technologies, American University of Phnom Penh",Verified email at aupp.edu.kh -Homepage,aupp.edu.kh,615.0,13.0,16.0,https://scholar.google.com/citations?hl=en&user=asu3fhUAAAAJ,0000-0002-3842-7689,found,57218766016,https://www.scopus.com/authid/detail.uri?authorId=57218766016
Panha Vorng,"Specialisation in Law and Court, University of Cambodia",Verified email at aupp.edu.kh -Homepage,aupp.edu.kh,409.0,10.0,12.0,https://scholar.google.com/citations?hl=en&user=FUOTQgQAAAAJ,0009-0001-3144-665X,found,,
Sovannara UK,American University of Phnom Penh,Verified email at aupp.edu.kh,aupp.edu.kh,396.0,10.0,10.0,https://scholar.google.com/citations?hl=en&user=PCI8WqUAAAAJ,0000-0003-1485-2952,found,56288760900,https://www.scopus.com/authid/detail.uri?authorId=56288760900
Aleksei Gudkov,"Professor, AUPP",Verified email at aupp.edu.kh -Homepage,aupp.edu.kh,172.0,5.0,4.0,https://scholar.google.com/citations?hl=en&user=ZiQyStAAAAAJ,0000-0002-5284-7102,found,,
Kuntha Pin,Lecturer and Researcher,Verified email at aupp.edu.kh,aupp.edu.kh,170.0,7.0,5.0,https://scholar.google.com/citations?hl=en&user=DThvUc4AAAAJ,0000-0002-6033-776X,found,,
DINESH ELANGO,American University of Phnom Penh,Verified email at aupp.edu.kh -Homepage,aupp.edu.kh,156.0,7.0,4.0,https://scholar.google.com/citations?hl=en&user=dJiJtOwAAAAJ,0000-0002-1223-5056,found,57222626409,https://www.scopus.com/authid/detail.uri?authorId=57222626409
Yu sing ong,American University of Phnom Penh,Verified email at aupp.edu.kh -Homepage,aupp.edu.kh,114.0,6.0,5.0,https://scholar.google.com/citations?hl=en&user=UE-1lxoAAAAJ,0000-0002-3099-868X,found,,
Sina Pang,"Dean of Institute of Technical and Professional Training (ITPT), The University of Cambodia",Verified email at uc.edu.kh -Homepage,uc.edu.kh,127.0,6.0,5.0,https://scholar.google.com/citations?hl=en&user=4M0hhk0AAAAJ,0000-0002-0285-1699,found,,
Vathanak Chet,The University of Cambodia,Verified email at uc.edu.kh,uc.edu.kh,17.0,2.0,1.0,https://scholar.google.com/citations?hl=en&user=xJy_NJgAAAAJ,0000-0001-8805-1117,found,,
Kroeun Kruy,Researcher for Cambodia Primary Teacher Training Center and Lecturer at University of Cambodia,Verified email at student.uc.edu.kh -Homepage,uc.edu.kh,11.0,2.0,0.0,https://scholar.google.com/citations?hl=en&user=xldBB_0AAAAJ,0009-0003-8162-6020,found,,
Sanhei Nhor,"Lecturer, The University of Cambodia",Verified email at uc.edu.kh -Homepage,uc.edu.kh,4.0,1.0,0.0,https://scholar.google.com/citations?hl=en&user=AQAMujIAAAAJ,0000-0001-6683-7987,found,,
"Md Nadim Aktar, PhD","Lecturer of International Relations, The University of Cambodia",Verified email at uc.edu.kh,uc.edu.kh,3.0,1.0,0.0,https://scholar.google.com/citations?hl=en&user=Vr5hzl0AAAAJ,0000-0001-8678-1079,found,,
Sovannara Si,Graduate Student at The University of Cambodia,Verified email at uc.edu.kh,uc.edu.kh,2.0,1.0,0.0,https://scholar.google.com/citations?hl=en&user=jrVrH2kAAAAJ,0000-0002-6938-3105,found,58902832400,https://www.scopus.com/authid/detail.uri?authorId=58902832400
Chhaihong Kor,The University of Cambodia,Verified email at uc.edu.kh,uc.edu.kh,,,,https://scholar.google.com/citations?hl=en&user=xUOuk1gAAAAJ,0009-0007-5999-0466,found,,
Kimkong Heng,Paññāsāstra University of Cambodia,Verified email at puc.edu.kh -Homepage,puc.edu.kh,3272.0,26.0,60.0,https://scholar.google.com/citations?hl=en&user=qrYZkg4AAAAJ,0000-0003-0884-4788,found,57219284385,https://www.scopus.com/authid/detail.uri?authorId=57219284385
Koemhong Sol,Paññāsāstra University of Cambodia,Verified email at puc.edu.kh,puc.edu.kh,958.0,14.0,18.0,https://scholar.google.com/citations?hl=en&user=mD_vqdgAAAAJ,0000-0002-1316-929X,found,,
Meas Nearyroth,Professor,Verified email at puc.edu.kh,puc.edu.kh,11.0,1.0,1.0,https://scholar.google.com/citations?hl=en&user=Dv5bnF0AAAAJ,0000-0002-9324-9168,found,57210149080,https://www.scopus.com/authid/detail.uri?authorId=57210149080
Dr. Vanna Nourn,"Vice Dean of faculty of Education, Arts, and Humanities",Verified email at puc.edu.kh,puc.edu.kh,3.0,1.0,0.0,https://scholar.google.com/citations?hl=en&user=k_WlkPoAAAAJ,0009-0005-5327-9230,found,,
Horn Ken,Paññāsāstra University of Cambodia,Verified email at puc.edu.kh -Homepage,puc.edu.kh,,,,https://scholar.google.com/citations?hl=en&user=EjxQ1zsAAAAJ,0000-0002-1970-9154,found,,
Thou Pol,Paññāsāstra University of Cambodia,Verified email at puc.edu.kh -Homepage,puc.edu.kh,,,,https://scholar.google.com/citations?hl=en&user=WkcBw7EAAAAJ,0009-0002-7864-1652,found,,
Sokha Norng,ACLEDA University of Business,Verified email at acleda-aib.edu.kh -Homepage,aib.edu.kh,82.0,4.0,2.0,https://scholar.google.com/citations?hl=en&user=I3QDthQAAAAJ,0000-0001-7785-6008,found,58133177300,https://www.scopus.com/authid/detail.uri?authorId=58133177300
Francisco Chiclana,"Professor of Computational Intelligence and Decision Making,De Montfort University, UK",Verified email at dmu.ac.uk -Homepage,dmu.ac.uk,31983.0,92.0,251.0,https://scholar.google.com/citations?hl=en&user=qDOxZIIAAAAJ,0000-0002-3952-4210,found,9134178600,https://www.scopus.com/authid/detail.uri?authorId=9134178600
Shengxiang Yang,"IEEE Fellow, AAIS Fellow, Professor of Computational Intelligence,De Montfort University",Verified email at dmu.ac.uk -Homepage,dmu.ac.uk,27347.0,83.0,345.0,https://scholar.google.com/citations?hl=en&user=Yblf_UQAAAAJ,0000-0001-7222-4917,found,57205311873,https://www.scopus.com/authid/detail.uri?authorId=57205311873
Philomena Imade Omoregie Osagie,Public Health and Community Mental Health | UK,Verified email at my365.dmu.ac.uk -Homepage,dmu.ac.uk,21903.0,14.0,17.0,https://scholar.google.com/citations?hl=en&user=dFqVkAgAAAAJ,0009-0007-8145-6155,found,,
Leandros Maglaras,"ISI WoS Highly Cited Researcher, Visiting Professor of Cybersecurity,De Montfort University",Verified email at dmu.ac.uk -Homepage,dmu.ac.uk,18703.0,59.0,175.0,https://scholar.google.com/citations?hl=en&user=vOBs39wAAAAJ,0000-0001-5360-9782,found,8313447200,https://www.scopus.com/authid/detail.uri?authorId=8313447200
Richard G. Smith,"Associate Professor of Cyber Security,De Montfort University",Verified email at dmu.ac.uk,dmu.ac.uk,13862.0,47.0,230.0,https://scholar.google.com/citations?hl=en&user=twAExRoAAAAJ,0000-0002-3571-5888,found,7410293091,https://www.scopus.com/authid/detail.uri?authorId=7410293091
Ahmed Bahiya,DMU,Verified email at myemail.dmu.ac.uk,dmu.ac.uk,12900.0,48.0,208.0,https://scholar.google.com/citations?hl=en&user=9e0rK5cAAAAJ,0009-0008-5502-4639,found,,
Yuan Tian,"Associate Professor,De Montfort University",Verified email at dmu.ac.uk -Homepage,dmu.ac.uk,12080.0,36.0,80.0,https://scholar.google.com/citations?hl=en&user=V7VdW6gAAAAJ,0000-0003-2268-2180,found,,
Professor Martin Grootveld,De Montfort University,Verified email at dmu.ac.uk,dmu.ac.uk,11912.0,54.0,161.0,https://scholar.google.com/citations?hl=en&user=lTLN7tcAAAAJ,0000-0003-1502-3734,found,55189580000,https://www.scopus.com/authid/detail.uri?authorId=55189580000
Stephen Ison,"Professor of Air Transport Policy,De Montfort University",Verified email at dmu.ac.uk,dmu.ac.uk,10570.0,57.0,149.0,https://scholar.google.com/citations?hl=en&user=ZmJ0Rz8AAAAJ,0000-0003-3124-2718,found,6701589918,https://www.scopus.com/authid/detail.uri?authorId=6701589918
Professor David Rae,"Professor of Enterprise,De Montfort University, Leicester, UK",Verified email at dmu.ac.uk -Homepage,dmu.ac.uk,10338.0,41.0,61.0,https://scholar.google.com/citations?hl=en&user=5aJ_dbEAAAAJ,0000-0002-6540-1660,found,,
